ha.'be:.n,/ˈa.vəN/,habēna,abann
ab.ba,/ˈab/,abbas,abb
ab.sti.'nen.ti.,/ˈav.stə.nədʲ/,abstinentia,abstanait
ok.'ka:.si.o:,/ˈa.kuʃ/,*accāsiō,accuis
a.'ke:.t,/ˈa.kʲe:t/,acētum,acét
a:k.'ta:.l,/ˈax.ta:lʲ/,*āctālis,achtáil
a.kri.si.'o:.ne:,/ˈa.kʲrʲə.ʃən.de/,Acrisiōnē,acrision\dae
a.'ku:.t,/ˈa.gudʲ/,acūtus,acuit
a.'do:.r,/að.ˈo.ra/,adōrō,ad·ora
a.'dul.ter,/ˈa.ðəl.trəs/,adulter,adaltr\as
ad.'jek.t,/ˈa.ðʲəxt/,adiectus,adiacht
aj.'ne:.a:s,/ˈaj.nʲe:.a:s/,Aenēās,Aeneas
'a:.e:r,/ˈa.er/',āēr,aër
'a:.fri.k,/ˈa.frək.ðe/,Āfricus,afrac\dae
a.'bis.s,/ˈa.vʲəʃ/,abyssus,aibis
ak.'ken.t,/ˈa.kʲənd/,accentus,aiccend
ak.ki.'den.ti.,/ˈa.kʲə.ðʲədʲ/,accidentia,aiccidit
al.le.'lu:.j,/ˈalʲ.lʲe/,allelūia,aille
an.'dre:.a:,/ˈanʲ.dʲrʲa/,Andrēās,Aindrea
ja:.'ju:.ni.,/ˈaj.nʲe/,iāiūnium,aíne
'aŋ.ge.l,/ˈaŋʲ.gʲəl/,angelus,aingel
'a.ni.m,/ˈa.nʲəmʲ/,anima,ainimm
a.be.ke.'da:.ri.,/ˈabʲ.ɣʲə.dʲərʲ/,abecedārium,aipgitir
as.ti.'a:.ri.,/ˈa.ʃtʲə.rʲe/,*astiārius,aistire
as.te.'ri:s.k,/ˈa.ʃtʲrʲəsk/,asterīscus,aistrisc
at.tat,/ˈatʲ/,attat,aitt
a.lek.'san.der,/a.lək.sən.dər/,Alexander,Alaxander
al.ki.mus,/'al.kə.məs/,Alchimus,Alchimus
'al.fa,/ˈal.fa/,alpha,alfa
al.'mo:.si.n,/ˈalɱ.sən/,*almōsina,almsan
'al.p,/ˈal.pe/,Alpēs,Alpae
al.'pi:.n,/ˈal.pən.de/,alpīnus,alpan\de
al.ˈta:.re,/ˈal.to:rʲ/,altāre,altóir
'a:.me:n,/ˈa.ɱənʲ/,āmēn,amein
a.'na.go.ge:,/ˈa.nə.ɣə.ɣʲe:n/,anagogēn,anagogien
a.na.'lo.gi.,/ˈa.nə.ləx/,analogia,analach
'aŋ.ko.r,/ˈaŋ.kə.rʲe/,ancora,ancaire
an.'da:.t,/ˈan.do:dʲ/,*andātem,andóit
ˈa.ni.e:.n,/ˈa.nʲi.e:n/,Aniēnem,Anien
an.te.be:.'nul.ti.m,/an.tʲe.bʲe:.nʲulʲtʲ/,antepaenultima,antepeneuilt
an.te.ˈter.ti.,/ˈan.tʲərt/,ante tertiam,antert
an.'to:.ni.,/ˈan.to:.na:n/,Antōnius,Anton\án
a.'bol.lo:,/ˈa.bəLʲ/',Apollō,Apoill
a.'bos.tro.f,/ˈa.bə.strəfʲ/,apostrophus,apostroiph
a.'bri:.l,/ˈa.bʲrʲe:lʲ/,Aprīlis,Apréil
a.'bos.to.l,/ˈab.stəl/,apostolus,apstal
'a.kwi.l,/ˈa.kəlʲ/,Aquila,Aquil
'a:.rab,/ˈa.rəv.ðe/,Ārabem,arab\dae
o.'ra:.kl,/ˈa.rə.gəl/,*orāclum,aracol
'ar.k,/ˈa:rk/,arca,árc
ar.gu:.'men.t,/ˈar.gə.mʲənʲtʲ/,argūmentum,argumeint
a.ris.'to.te.le:s,/ˈa.rʲə.stə.təlʲ/,Aristotelēs,Aristotil
'ar.m,/ˈarm/,arma,arm
ar.'ti.ku.l,/ˈarʲ.tʲə.gəl/,articulus,articol
'at.ti.k,/ˈa.tək/,Atticus,Atac
'a.to.m,/ˈa.dəɱ/,atomus,atom
'awk.tor,/ˈawx.tər/,auctor,auctor
a.'pos.to.l,/ˈax.səl/,apostolus,axal
'ba.ku.l,/ˈba.xəL/,baculum,bachall
ba.'si.li.k,/ˈba.ʃlək/,basilica,baislec
ba.'tis.m,/ˈba.θʲəs/,*batisma,baithes
'bal.b,/ˈbalb/,balbus,balb
'bap.tis.t,/ˈbap.təʃtʲ/,(Iōhannēs) Baptista,Baptaist
'bar.ba:.r,/ˈbar.ba:r/,barbarus,barbár
'ba:r.k,/ˈba:rk/,bārca,bárc
'be:s.ti.,/ˈbʲe:ʃtʲ/,bēstia,béist
ben.'dik.ti.o:,/ˈbʲen.dəxt/,*bendictiō,bendacht
be.re:.'e:n.s,/ˈbʲe.rʲən.ste/,beroeēnsis,berens\dae
'be:.a.t,/ˈbʲi.adʲ/,*bēatī,biait
bi.'na:.ri.,/ˈbʲi.na:rʲ/,*binārius,bináir
bis.'sek.st,/ˈbʲi.ʃəxs/,bissextus,bissex
bur.di.'ga.li.,/ˈbord.ɣəl/,Burdigalia,Bordgal
'bur.g,/ˈborg/,burgus,borg
'bras.si.k,/ˈbra.ʃəx/,brassica,braisech
brit.'to:.n,/ˈbʲrʲe.tənʲ/,brittōnēs,Bretain
'broŋ.ki.,/ˈbroŋ.gə.ðʲe/,bronchia,brongai\de
'kap.tor,/ˈkax.tər/,captor,cachtor
ka.'du:.k,/ˈkað.xəx/,cadūcus,cadch\ach
'ka.li.k,/ˈka.lʲəx/,calicem,cailech
ka.'li:.go:,/ˈka.lʲəx/,*calīgō,cailech 3
'pal.li.,/ˈka.Lʲe/,pallium,caille
ka.'mi.si.,/ˈkamʲ.ʃʲe/,camisia,caimmse
kan.'de:.l,/ˈkanʲ.dʲəl/,candēla,caindel
kaŋ.'kel.l,/ˈkaŋʲ.gʲəl/,cancella,caingel
ka.'bi.tu.l,/ˈkabʲ.dʲəl/,capitulum,caiptel
'kwa:.re:,/ˈkarʲ/,quarē,cair
'kar.t,/ˈkarʲtʲ/,charta,cairt
'ka:.se.,/ˈka:.ʃe/,cāseus,cáise
kas.'til.l,/ˈka.ʃəl/,*castillum,caisel
ka.'len.d,/ˈka.lənd/,kalendae,caland
ka.mel.l,/ˈka.ɱəL/,camellus,camall
'kan.di.d,/ˈkan.də.ðəs/,candidus,candadas
'pan.n,/ˈkaN/,panna,cann
'ka.no:n,/ˈka.no:nʲ/,canōn,canóin
ka.bil.'la:.ti.o:,/ˈka.blədʲ/,capillātiō,caplait
ka:.'rak.ter,/ˈka:.rəx.tər/,*chāracter,cárachtar
kar.'buŋ.ku.l,/ˈkar.buŋ.kəlʲ/,carbunculus,carbuncail
'kar.ker,/ˈkar.kər/,carcer,carcar
kar.'ta:.t,/ˈkar.to:dʲ/,*cartātem,cartóit
'ka.su.l,/ˈka.səl.de/,casula,casal\dae
'pa:s.k,/ˈka:sk/,pāscha,cásc
'ka.te.dr,/ˈka.θaʲrʲ/,cathedra,cathaír
ka.te:.'ku:.me.n,/ˈkaθ.xəɱʲ.nʲəð/',catēchūmenus,cathchoimn\id
ka.'to.li.k,/ˈka.θləx/,catholicus,cathlach
'ka.tu.l,/ˈka.tu.la:n/,Catulus,Catulán
'ke.dr,/ˈkʲe.dərʲ/,cedrus,cedair
'ke.le.br,/ˈkʲe.lʲə.vrəðʲ/,celebrō,ceilebr\aid
'ke:.r,/ˈkʲe:rʲ/,cēra,céir
'kwe:s.ti.o:,/ˈkʲeʃtʲ/,quaestiō,ceist
'kiŋ.gl,/ˈkʲeŋ.gəl/,*cingla,cengal
ˈke:.b,/'kʲe:b/,cēpa,cép
'kip.p,/ˈkʲep/,cippus,cepp
ker.'wi:.kal,/ˈkʲer.xəLʲ/,cervīcal,cerchaill
'ker.t,/ˈkert/,certus,cert
'kis.t,/ˈkʲes/,cista,ces
pi:.pi.'o:n,/ˈkʲi:.xə.nəx/,pīpiōnem,cíchan\ach
'pik.t,/ˈkʲixt/,pictus,cicht
ki.kla.si.a,/ˈkʲi.glə.ste/,Cyclasias,ciclas\tae
'ki.kl,/ˈkʲi.kul/,cyclus,cicul
'kwi:.n,/ˈkʲi:nʲ/,quīna,cín
kwiŋ.kwa:.'ge:s.m,/ˈkʲeŋ.kʲə.ɣʲəs/,*quinquāgēsma,cingciges
'ken.tr,/ˈkʲenʲ.tʲərʲ/,centrum,cinteir
hi.e.'ro:.ni.m,/ˈkʲi.rʲə.nʲe/,Hierōnymus,Cir\ine
'kir.ku.l,/ˈkʲir.kul/,circulus,circul
kir.kum.'flek.s,/ˈkʲir.kunʲ.fʲlʲəxs/,circumflexus,circunflex
'kwi.ri.k,/ˈkʲi.rʲək/,Quiricus,Ciric
'ke:.s,/ˈkʲi:s/,*cēsus,cís
'plan.t,/ˈkland/,planta,cland
'klas.s,/ˈklas/,classis,clas 2
'klaw.su.l,/ˈklaw.sul/,clausula,clausul
'plek.t,/ˈkʲlʲext/,plecta,clecht
'kle:.r,/ˈkʲlʲe:r/,clērus,clér
'plu:.m,/ˈklu:ɱ/,plūma,clúm
'kan.na.b,/ˈkna:vʲ/,cannabis,cnáib
'kaw.s,/ˈkaus/,causa,caus/coais
ko:n.'fes.si.o:,/ˈko.vəʃ/,cōnfessiō,cobais
ku.'kul.l,/ˈko.xəL/,cucullus,cochall
ko.'lum.n,/ˈkol.ve/,columna,colbae
'kul.ki.t,/ˈkol.kəðʲ/,culcita,colcaid
'kol.ki.d,/ˈkol.xə.ðʲe/,Colchidem,colche\de
'pul.t,/ˈkolt/,pulta,colt
'kul.tr,/ˈkol.tər/,cultrum,coltar
ko.'lum.b,/ˈko.ləm/,columba,colum
kom.'mu:.ni.o:,/ˈko.mən/,commūniō,comman
kom.pa.ra:.'ti:.w,/ˈkom.pə.rədʲ/,comparātīuus,comparait
'ku.me.r,/ˈko.ɱrər/,cumera,comrar
ko:n.se.kr,/kon.ˈʃe.kra/,cōnsecrō,con·secra
'kan.nu.l,/ˈko.NəL/,cannula,connall
'ko:n.sul,/ˈkon.səl/,cōnsul,consal
'ko:n.so.n,/ˈkon.sən/,cōnsonus,consan
ko:ns.tan.ti:.'no.bo.l,/ˈkon.stənʲ.tʲi:.nə.bəl/,Cōnstantīnopolis,Constantinopol
kon.'ten.ti.o:,/ˈkon.tən/,contentiō,contan
kon.'trak.t,/ˈkon.trəxt/,contractus,contracht
ko.'ro:.n,/ˈko.rəN/,corōna,corann
'pur.pu.r,/ˈkor.kur/,purpura,corcur
kwa.ra:.'ge:s.m,/ˈkor.ɣas/,*quarāgēsma,corgus
ko.'rin.t,/ˈko.rʲənt/,Corinthus,Corint
kor.'ne:.li.,/ˈkor.nəlʲ/,Cornēlius,Cornil
'kor.pus,/ˈkorp/,corpus,corp
ko:n.'sum.m,/ˈkos.ɱəðʲ/,cōnsummō,cosm\aid
pa.'tri.ki.,/ˈko.θrə.ɣʲe/,Patricius,Cothrige
kre.'bus.ku.l,/ˈkrab.skəlʲ/,crepusculum,crapscuil
kris.ti.'a:.n,/ˈkʲrʲe:.ʃən/,christiānus,créisen
kre.'ter.r,/ˈkʲrʲe.θʲərʲ/,*creterra,creithir
'kris.t,/ˈkʲrist/,Christus,Críst
'kru.k,/ˈkrox/,crucem,croch
'kro:.k,/ˈkro:x/,*crōcus,cróch
'kruks,/ˈkros/,crux,cros
'kro.ta.l,/ˈkro.θəl/,crotalum,crothal
'pre.mi.ter,/ˈkruɱʲ.θʲər/,*premiter,cruimther
'ko:r.t,/ˈku:ərdʲ/,cōrtem,cúaird
'pug.n,/ˈkuən/,pugnus,cúan
'ku.b,/ˈku:.vəðʲ/,cubō,cúb\aid
ko.'ki:.n,/ˈku.gəN/,*cocīna,cucann
kok.'tu:.r,/ˈkux.tər/,coctūra,cuchtar
ko:n.'fi.te.or,/ˈku.vʲə.dʲər/,cōnfiteor,cuibiter
pe.'li.k,/ˈkulʲ.xʲe/,*pelicius,cuilche
ku.'li:.n,/ˈku.lʲəN/,culīna,cuilenn [?]
'kur.t,/ˈkurʲtʲ/,curtis,cuirt
'pu.te.,/ˈku.θʲe/,puteus,cuithe
'ku.ra:s.'a.go:,/ˈku:r.sə.ɣəðʲ/,curās agō,cúrsag\aid
kur.'ti:.n,/ˈkur.tʲi:.nəð/,curtīna,curtín\ad
'ku.b,/ˈkuv/,cubus,cyb
'dak.ti.l,/ˈdak.təlʲ/,dactylus,dactil
dam.n,/ˈda.mənʲ/,damnum,dammain
dar.'da:.n,/ˈdar.da:n.de/,Dardānus,dardán\de
'da.si.an,/'daʃiən/,dasian,dasian
de.'ka:.d,/ˈdʲe.kəðʲ/,decādem,deccaid
di.'a:.ko.n,/ˈdʲe.xən/,diāconus,dechon
dik.t,/ˈdʲex.təðʲ/,dictō,decht\aid
de:.bre.'ka:.ti.o:,/ˈdʲe.bʲrʲə.go:dʲ/,dēprecātiō,deiprecóit
'de.mon,/ˈdʲe.ɱən/,*demon,demon
der.'be:n.s,/ˈdʲer.bən.ste/,derbēnsis,derbens\dae
dis.'ki.bu.l,/ˈdʲe.ʃkʲə.bul/',discipulus,descipul
dew.te.ro.'no.mi.,/ˈdʲew.tər.nəmʲ/,deuteronomium,deutornim
di.'a.bo.l,/ˈdʲiə.vəl/',diabolos,díabul
di.a.'lek.ti.k,/ˈdʲiə.lʲex.təkʲ/',dialectica,dialectaicc
dik.'ta:.to:r,/ˈdik.tə.do:rʲ/,dictātōr,dicta\tóir
di.'gam.m,/ˈdʲi.ɣəmʲ/',digamma,digaimm
de:.'na:.ri.,/ˈdʲi:r.ne/,dīnārius,dírnae
dom.'ni.k,/ˈdoɱ.nəx/,*domnicus,domnach
'du.um.wir,/ˈdo:.ɱo:rʲ/,duumuir,dómóir
'dra.ko:,/ˈdrawg/,dracō,drauc
'du.bl,/ˈdu.bulʲ/,duplus,dupuil
he.'bre:.,/ˈe.vre/,Hebraeus,Ebrae 1
e:.kwi.'nok.t,/ˈe.gʲə.nəxt/',aequinoctium,ecenocht
e.ˈkle:.si.,/ˈe.gləʃ/,eclēsia,eclais
e:.'gip.t,/ˈe:.ɣʲəpt/,Aegyptus,Éigept
e.'bis.tu.l,/ˈe.bʲə.ʃtʲəlʲ/,epistula,eipistil
'e.le.fan.t,/ˈe.lʲə.fa:nʲtʲ/,elephantem,elifáint
em.bo.'lis.m,/ˈemʲ.bʲlʲə.ʃəm/,embolismus,embleisim
e.mi.li.'a:.n,/ˈe.mʲəlʲe:nde/,aemil-iān-us,emil\én\dae
in.'no.ku.,/ˈe.Nəg/,innocuus,ennac
'e.o.l,/ˈewl.de/,Aeolus,eol\dae
e.'bak.t,/ˈe.bəxt/,epactae,epacht
'e.pe.s,/ˈe.fʲəs/,Ephesus,Ephes
'ebs.ko.b,/ˈeb.skəb/,*epscopus,epscop
he:.ˈro:.i.k,/ˈe.rʲe:x.ðe/,hērōicus,eréc\dae
he:.'re.s,/ˈe.rʲəs/,haeresis,eres
he:.'re.ti.k,/ˈe.rʲə.dʲəg/,haereticus,eritic
eks.hi.'ber.n,/ˈe.sərn/,exhibernum,esarn
'ski.fu.l,/ˈe.skə.vəl/,scyphulus,escibul
eks.kom.mu:.ni.'ka:.ti.o:,/ˈesk.ɱən/,excommūnicātiō,escmon
es.'ko.b,/ˈe.skəb/,escopus,escop
wes.per.'ti:.n,/ˈe.spər.tə/,(hōra) uespertīna,esparta
i.ˈta.li.,/ˈe.da:lʲ/,italia,Etáil
e:t.'jo.bi.,/ˈe.tʲəbʲ/,Aethiobia,Ethioip
e.'fra.te:.,/ˈe.frə.dʲə.ðʲe/,Ephrataeus,Eufrat\ide
ek.ˈsor.kis.t,/ˈek.sər.kə.stəðʲ/,exorcistus,exarcist\id
eks.'kep.t,/ˈek.skəp.təðʲ/',exceptus,except\aid
'wa.gi:.n,/ˈfa.ɣʲən/,*uagīna,faigen
wa.'len.ti.,/ˈfa:lʲ.tʲe/,ualentia,fáilte
fa.'ta:.le,/ˈfa:.dəl/,fatāle,fátal
fe.'bra:.ri.,/ˈfʲe.vre/,*febrārius,Febrae
'we.gli.,/ˈfʲe:lʲ/,*ueglia,féil
fe:.mi.'ni:.n,/ˈfʲe.ɱʲən/,fēminīnus,feimen 1
fi.'lo.so.f,/ˈfʲel.suv/,philosophus,felsub
fe:.ri.'a:.l,/ˈfʲe:.ro:lʲ/,fēriālis,féróil
'wer.su,/ˈfʲers/,uersus,fers
'wes.per,/ˈfʲe.skər/,uesper,fescor
ˈwe.te.rˈle.g,/ˈfʲe.dər.ləgʲ/,(in) uetere lege,fetarlaic
fa.e.ˈton.ti.a,/ˈfʲe.tən.tə.ðʲe/,Phaëthontias,Fetont\ide
'we:.l,/ˈfʲiəl/,uēlum,fíal 2
'wi:.k,/ˈfʲi:x/,uīcus,fích
'fi:.ku.l,/ˈfʲi:.gul.de/,fīcula,fícul\dae
wi.'gi.l,/ˈfʲi.ɣʲəL/,uigilia,figell
'fi.gu:.r,/ˈfʲi.ɣər/,figūra,figor
'wi:.n,/ˈfʲi:n/,uīnum,fín 1
fir.ma:.'men.t,/ˈfʲirʲ.mʲənʲtʲ/,firmāmentum,firmint
'wi:.si.o:,/ˈfʲi:ʃ/,uīsiō,fís
'wi:.si.o:,/ˈfʲi:.ʃiw/,uīsiō,físíu
'wi:.tu.l,/ˈfʲi:.θəl/,*uītulus,fíthal
'wir.tu,/ˈfʲiwrt/,uirtūs,fiurt
ˈfo:r.m,/ˈforʲmʲ/,fōrma,foirm
/ˈga.la.t,/ˈga.ləd/,Galatae,Galat
ˈgal.l,/ˈgaL/,Gallus,Gall 1
gar.'ga:.n,/ˈgar.ga:n/,Gargānus,Gargán
ˈgen.t,/ˈgʲenʲ.tʲi/,gentēs,geint\i
ge.ne.a:.'lo.gi.,/ˈgʲe.nʲə.ləx/,geneālogia,genelach
ge.'ni.ti.o:,/ˈgʲe.nʲə.dʲiw/,*genitiō,genitiu
'gen.ti.l,/ˈgʲe.nʲ.tʲlʲə.ðʲe/,gentilis,gentl\ide
ge.'run.di.,/ˈgʲe.rəndʲ/,gerundium,gerind
/gjo:rge/,/gʲurge/,Geōrgius,Giürge
'glan.di.,/ˈgla.nʲe/,glandium,glaine 3
gli.'ke.ri.,/ˈglʲi.ɣʲər.nəd/,Glycerium,gliger\nat
ˈglo:.s,/ˈgluəs/,glōsa,glúas
gra:.d,/ˈgra:ð/,*grādus,grád 1
gra.w,/ˈgrafʲ/,grauis,graif 3
gram.'ma.ti.k,/ˈgra.mə.dəkʲ/,grammatica,grammataicc
'gre:.k,/ˈgʲrʲe:g/,*grēcus,gréc 1
'gri:.f,/ˈgʲrʲi:v/,grȳphus,gríb
i.'do:.ne.,/ˈi.ðən/,idōneus,idan
i:.'do:.l,/ˈi:.ðəl/,īdōlum,ídol
je.'na:.ri.,/ˈje.nər/,*ienārius,Ienar
i.ˈfer.n,/ˈi.fʲərn/,*ifernum,ifern
'i:.li.k,/ˈi.lʲək.ðe,īlicem,ilec\de
'i:.lig.n,/ˈi.lʲəɣ.nʲə.ðʲe/,īlignus,ilign\ide
i:.'ma:.go:,/ˈi:.ɱa:ɣʲ/,*īmāgō,ímáig
'i.na.k,/ˈi.nək.ðe/,Inachus,inach\dae
in.ˈdik.ti.o:,/ˈin.dʲəxt/,indictiō,indecht
in.fi:.'ni:.t,/ˈinʲ.fʲə.nʲədʲ/,infīnītum,infinit
'aŋ.ko.r,/ˈiŋ.gər/,ancora,ingor 1
i:n.skri:.'ben.d,/ˈinʲ.ʃkʲrʲi:.vʲənd/,īnscrībendum,inscríbend
in.ter.'jek.ti.o:,/ˈinʲ.tʲə.rʲəxt/,interiectiō,interiecht
in.ten.ti.o:,/ˈinʲ.tʲəN/,intentiō,intinn
in.tel.'lek.t,/ˈinʲ.tʲluxt/,intellectus,intliucht
i:.ro:.ˈni:.,/ˈi:.ro:nʲ/,īrōnīa,íróin
'ju:.li.,/ˈju:lʲ/,Iūlius,iúil
'la:.i.k,/ˈlajx/,lāicus,láech
'la:.mi.n,/ˈlaN/,lāmina,lann
'la:r.t,/ˈlart/,Lartem,lart
'la.ter,/ˈla.tʲər/,later,later
la.'ti:.n,/ˈla.dʲən/,Latīnus,Latin
la.'tro:n,/ˈla.drəN/,latrōnem,latrann
law.'ren.ti.,/ˈlaw.rʲən.tə.ðʲe,Laurentium,laurent\ide
'lak.s,/ˈlaks/,laxus,lax
'li.br,/ˈlʲe.vər/,librum,lebor
'li.ket,/ˈlʲe.gʲəd/,licet,lecet
'li.kwi.d,/ˈlʲex.ðəɣʲ.θʲe/,liquidus,lechd\aig\the
'le.g,/ˈlʲe:.ɣəðʲ/,legō,lég\aid
le.'gen.d,/ˈlʲe:.ɣʲənd/,legendum,léigend
'le.gi.o:,/ˈle.ɣʲo:n/,legiōnem,leigeón
'le.gi.o:,/ˈle:.gʲo:n/,legiōnem,léigeón
'le.o:,/ˈlʲew/,leō,leo
le:.wi:.t,/ˈle:w.tʲe/,Lēvītēs,Leuit\e
ˈli.gu.r,/ˈlʲi.ɣər.ðe/,Ligurēs,ligor\dae
'li:.n,/ˈlʲi:n.de/,līnum,lín\dae
'li:.ne.,/ˈlʲi:.nʲəx/,līnea,lín\ech
li.'ta.ni.,/ˈlʲi.da:n/,litania,litán
'li:.t,/ˈlʲi:θ/,lītus,líth
'lit.te.r,/ˈlʲi.tʲər/,littera,litter
'lo.k,/lˈog/,locus,loc
lu:.'ker.n,/ˈlo:.xərn/,*lūcerna,lócharn
'loŋ.g,/ˈloŋ/,(nāvis) longa,long 1
la.'bo:.r,/ˈlu.vərʲ/,labōrem,lubair
'lu.kas,/lu.kəs/,Lucas,Lucas
'lu:.ki.fer,/lu.kʲə.fʲər/,lūcifer,Lucifer
lo:.'ri:.k,/ˈlu:.rəx/,lōrīca,lúirech
lu.'na:.r,/ˈlu.na:rʲ/,*lunāris,lunáir
ma.ke.'do.ni.,/ˈma.kʲə.ðo:n.de/,Macedonia,Maccidón\dae
'ma.ku.l,/ˈma:.xəLʲ/,macula,máchaill
ma.'ke.ri.,/ˈma.gre/,maceria,macrae
ma.'gis.ter,/ˈma.ɣʲə.ʃtʲər/,magister,maigister
'ma.ni.a,/ˈma:.nʲə/,mania,máinia
'ma:r.t,/ˈmarʲtʲ/,(diēs) mārtis,mairt
mal.'di:.k,/ˈmal.də.xəðʲ/,*maldīcō,maldach\aid
'ma.na.k,/ˈma.nəx/,*manachus,manach
'man.n,/ˈmaN/,manna,mann
'ma:r.k,/ˈmark/,Mārcus,Marc
ˈmar.gi.n,/ˈmar.gən/,marginem,margan
mar.ga.'ri:.t,/ˈmar.gə.rʲe:d/,margarīta,margarét
'mar.mor,/ˈmar.mər/,marmor,marmar
'mar.t,/ˈmart/,Martis,Mart
'mar.tir,/ˈmar.tər/,martyr,martar
'mas.ku.l,/ˈma.skul/,masculus,mascul
'mas.s,/ˈmas/,massa,mass
ma'ti:.n,/ˈma.dən/,(hōra) matīna,matan
me.'mo.ri.,/ˈmʲe.vurʲ/,memoria,mebuir
'me:.d,/ˈmʲeð/,Mēdus,Med 2
me.ˈre.tri.k,/ˈmʲerʲ.dʲrʲəx/,meretricem,meirdrech
ˈmem.brum,/ˈmʲem.brum/,membrum,membrumm
me.'mo.ri.,/ˈmʲe.mre/,memoria,memmrae
mer.'ku.ri.,/ˈmʲer.kurʲ/,Mercurius,Mercúir
me.'su:.r,/ˈmʲe.sər/,*mesūra,messar
'me.tr,/ˈmʲe.dər/,metrum,metar 1
me:.'tro.bo.l,/ˈme.drə.bəlʲ/,mētropolis,metrapoil
ˈme.di.k,/ˈmʲi.ðəx/,medicus,midach
'mi:.le,/ˈmʲi:l/,mīles,míl 2
'mi:.li.,/ˈmʲi:.lʲe/,mīlia,míle
'mi:.n,/ˈmʲin/,mīnus,min 1
men.'di:.k,/ˈmʲinʲ.dʲəx/,mendīcus,mindech
mi:.'ra:.bi.l,/ˈmʲi:r.vəlʲ/,mīrābilis,mírbail
'mir.t,/ˈmʲirt/,myrtus,mirt–
ˈma.ku.l,/ˈmo.gəl/,macula,mocol
'mo.d,/ˈmoð/,modus,mod
mo.nis.'te:.ri.,/ˈmo.nʲə.ʃtʲərʲ/,*monistērium,moinistir
mor.ti.'ki.ni.,/ˈmorʲtʲ.xʲəN/,morticinium,moirtchenn
mo.'ne:.t,/ˈmo.nəð/,monēta,monad
mo:.'ra:.lis,/ˈmo.ra:.lus/,*morālis,morálus
mor.ˈta:.li.ta,/ˈmor.tləθʲ/,mortālitas,mortlaith
'mo.di.,/ˈmu.ðʲe/,modius,muide
mo.'li:.n,/ˈmu.lʲəN/,molīna,muilenn
mo.nis.'te:.ri.,/ˈmunʲ.tʲər/,monistērium,muinter
'mu:.l,/ˈmu:l/,mūlus,múl
'mu:.r,/ˈmu:r/,mūrus,múr
'mu:.t,/ˈmu:t/,mūtus,mút
ˈnew.tr,/ˈnʲew.dur/,neutrum,neutur
ˈni.hil,/ˈnʲi.e.ləs/',nihil,nihel\as
ˈno:.n,/ˈno:n/,nōna,nón
'no.t,/ˈnod/,nota,not
'no.t,/ˈno.θəθ/,nothus,nothath
na.ta:.'li.ki.,/ˈno.dləgʲ/,*natālicius,notlaic
'nu.me.r,/ˈnu.ɱʲərʲ/,numerus,nuimir
'o.be.l,/ˈo.vʲəl/,obelus,obel
ob.'la:.t,/ˈov.le/,oblāta,oblae
ak.'sil.l,/ˈox.səl/,axilla,ochsal
ok.'tem.ber,/ˈox.təmʲ.bʲərʲ/,*octember,Ochtimbir
of.fe.'ren.d,/ˈo.fʲrʲənd/,offerendum,oifrend
o.'ra:.kl,/ˈorʲ.gʲlʲəx/',*orāclum,oirgl\ech
o.'le.,/ˈo.le/,oleum,olae
'uŋ.g,/ˈoŋ.gəðʲ/,ungō,ong\aid
'ho.no:.r,/ˈo.no:rʲ/,honōrem,onóir
'o.be.r,/ˈo.bər/,opera,opar
op.ta:.'ti:.w,/ˈob.tədʲ/,optātīuus,optait
'aw.r,/ˈo:r/,aurum,ór 1
ho.ra.ti.'a:.n,/ˈo.rə.tʲən.de/,horatiānus,oratian\dae
'o:r.do:,/ˈord/,ōrdō,ord 1
'or.di.n,/ˈor.dən/,ōrdinem,ordan
'or.ga.n,/ˈor.ga:n/,organum,orgán
o.ri.'en.t,/ˈo.rʲi.ent,orientem,Orient
o.'ra:.ti.o:,/ˈo.ro:dʲ/,*orātiō,oróit
o.'ra:.ti.o:,/ˈor.θə/,*orātiō,ortha
'pak,/ˈpa:ks/,pāx,pács
pa.'ru.ki.,/ˈparʲ.xʲe/,paruchia,pairche
ˈpar.t,/ˈparʲtʲ/,partem,pairt
'pa.ter,/ˈpa.dʲər/,pater,paiter
pa.le:s.'ti:.na,/ˈpa.lə.ʃtʲə.na/,Palaestīna,Palastina
pal.la.ˈki:.n,/ˈpal.nək.ðe/,pallacīnus,palnac\de
'pan,/ˈpan/,Pan,Pan
pa.'ra.bo.l,/ˈpar.vəlʲ/,parabola,parbail
pa.ra.'di:.s,/ˈpar.dəs/,paradīsus,Pardas
'pas.ser,/ˈpa.ʃər/,passer,passer
pa:.'tri.ki.,/ˈpa.drəgʲ/,*Pātricius,Pátric
pek.'ka:.t,/ˈpʲ.ekəθ/,peccātum,peccath
pe.'le.,/ˈpʲe:.lʲəx.ðe/,Peleus,pél\ech\dae
ˈpe:.n,/ˈpʲe:n/,pēna,pén
pe:.'nul.ti.m,/ˈpʲe.nʲulʲtʲ/,pēnultima,peneuilt
ˈpen.na,/ˈpʲeN/,penna,penn
pen.'ten.ti.,/ˈpʲe.Nənʲdʲ/,*pententia,pennaind
pe.ni.ˈt,/ˈpʲe.Nʲədʲ/,*penitēre,pennit
'per.s,/ˈpʲers/,Persa,Pers
per.'so:.n,/ˈpʲer.sən/,persōna,persan
'pe.tr,/ˈpʲe.dər/,Petrus,Petar
fi.li.pi.a.'ne:n.s,/ˈfʲi.lʲə.pʲən.ste/,philipianēnsis,Philipians\tae
fi.'le:.mo:n,/fʲi.lə.ɱo:nʲ/,Philēmōn,Philomóin
fir.ˈra.di.,/ˈfʲir.ðe/,Phirradios,phir\de
'fil.li.b,/ˈpʲi.lʲəb/,Phillipus,Pilip
ˈpi:.n,/ˈpʲi:n/,pīnus,pín
'pi.s,/ˈpʲiʃ/,pisum,pis
'pe:.s,/ˈpʲi:s/,*pēsum,pís
'pla:.g,/ˈpla:ɣ/,plāga,plág
pla.'te:.,/ˈpladʲ/,platēa,plait
pa:.k,/ˈpo:g/,pācem,póc
pom.'pej,/ˈpomʲpʲ/,Pompeius,Poimp
'paw.l,/ˈpo:l/,Paulus,Pól
pu.'gla:.ri.,/ˈpo:.lə.rʲe/,*puglāria,pól\ire
'pu:ŋk.t,/ˈpoŋk/,pūnctum,ponc
'pon.d,/ˈpond/,pondus,pond
ˈpon.ti.pi.ˈla:.ti.,/ˈponʲtʲ.fʲə.lət/,Pontius Pilātius,Pontfelat
'po.bu.l,/ˈpo:.bəl/,pōpulus,pópol
'po:.bu.l,/ˈpo.bəl/,populus,popul
'por.t,/ˈport/,portus,port
po.si.'ti:.w,/ˈpo.sədʲ/,positīuus,posit
pre.'kep.t,/ˈpʲrʲe.gʲəpt/,*preceptum,preicept
pris.ki.'a:.n,/ˈpʲrʲes.kʲi.e:n/,Prisciānus,Prescien
ˈpre.do:,/ˈpʲrʲe.dəðʲ/,*predō,pret\aid
pre.'di:.k,/ˈpʲrʲið.xəðʲ/,*predīcō,pridch\aid
'pri:.m,/ˈpʲrʲi:ɱ/,prīmus,prím
pri.'mi.ti.,/ˈpʲri:.ɱədʲ/,primitiae,prímit
pris.'kil.l,/ˈpʲrʲis.kəLʲ/,Priscilla,Priscill
ˈpran.di.,/ˈprondʲ/,prandium,proind
'pro.b,/ˈpro.ɱəðʲ/,probō,prom\aid
pro.'me:.te.,/ˈpro.ɱə.θʲə.ðʲe/,Promētheus,promith\ide
'pro.bri.,/ˈpro.bʲərʲ/,proprium,propir
ˈpros.pe.r,/ˈpro.spərʲ/,Prosperus,Prospir
'pu:ŋk.t,/ˈpuŋkt/,pūnctum,punct
pa:.'bi.li.o:,/ˈpu.bəL/,pāpiliō,pupall
pur.ga.'to:.ri.,/ˈpur.gə.do:rʲ/,purgatōrium,purg\atóir
ˈra:.m,/ˈra:ɱʲ/,rāmus,ráim
re.'li.kwi.,/ˈre.lʲəgʲ/,reliquiae,reilic
re.'to.ri.k,/ˈrʲe.do.rʲəgʲ/,*rhetoricē,retoiric
're:.a.tu:,/ˈrʲe:.du/,*rēatūs,rétu
're:.gu.l,/ˈrʲiə.ɣəl/,rēgula,ríagol
'rub.r,/ˈro.vur/,rubrum,robur
'ro:.mu.l,/ˈro.ɱəlʲ/,Rōmulus,romuil
'ro:.s,/ˈro:s/,*rōsa,rós
'ro:.m,/ˈro:ɱ/,Rōma,Rúam
'rus.k,/ˈru:sk/,ruscum,rúsc
'sab.ba.t,/ˈsa.bədʲ/,sabbatum,sabbait
sa.'bi:.n,/ˈsa.vʲən.de/,Sabīnī,sabin\dae
sa.kər.'fi.ki.,/ˈsa.kər.vəkʲ/,*sacrficium,sacarbaicc
sa.'ker.d,/ˈsa.gərt/,sacerdōs,sacart
sa.'gel.l,/ˈsa.xəLʲ/,sagellum,sachaill [?]
sa.'kel.l,/ˈsa.xəL/,Sacellus,Sachall
ˈsaj.ku.l,/ˈsaj.ɣul/,saeculum,sáegul
sa.'git.t,/ˈsa.ɣʲəd/,sagitta,saiget
sa.'li:.w,/ˈsa.lʲe/,salīua,saile
psal.'len.d,/ˈsa.Lənd/,psallendum,salland
'psal.m,/ˈsalm/,psalmus,salm
'sal.t,/ˈsalt/,saltus,salt
psal.'te:.ri.,/ˈsal.tərʲ/,psaltērium,saltair
saŋk.ˈta:.ri.,/ˈsaŋk.ta:rʲ/,*sanctārium,sanctáir
'sap.fir,/ˈsa.fʲər/,sapphir,saphir
sa.'tur.n,/ˈsa.θərn/,*Saturnus,satharn
sa.ˈtur.n,/ˈsa.durn/,*Saturnus,Saturn
'pi.ber,/ˈʃkʲi.vər/,*piber,scibar
'ski:.pi.o:,/ˈʃkʲip/,Scīpiō,Scip
ˈskrip.tr,/ˈʃkʲrʲep.tər/,*scriptra,screptar
'skri.bl,/ˈʃkʲrʲe.bul/,*scriplus,screpul
'skri:.b,/ˈʃkʲrʲi:.vəðʲ/,scrībō,scríb\aid
skri:.'ben.d,/ˈʃkʲrʲi:.vʲənd/,scrībendum,scríbend
'skri:.ni,/ˈʃkʲrʲi:n/,scrīnium,scrín
skri:p.'tu:.r,/ˈʃkʲrʲip.turʲ/,*scriptūra,scriptuir
'skru:.pu.l,/ˈskru.vəl/,scrūpulus,scrubl
'skru:.t,/ˈskru:.dəðʲ/,scrūtor,scrút\aid
'sko:.b,/ˈskuəb/,scōpa,scúap
se.'ka:.le,/ˈʃe.gəl/,secāle,secal
se.kun.'di:.n,/ˈʃex.nəL/,Secundīnus,Sechnall
ˈfik.t,/ˈʃext/,fictus,secht
sep.ti.'ma:.n,/ˈʃext.ɱən/,septimāna,sechtmon
se.ˈkun.dˈab.ba,/ˈʃek.nəb/,secundus abbas,secndap
se.'kun.di.,/ˈʃek.ne/,Secundius,Secnde
'fa.b,/ˈʃevʲ/,faba,seib
se:.kre:.t,/ˈʃe.gʲrʲe:dʲ/,sēkrētus,seicréit
fe.'nes.tr,/ˈʃe.nʲə.ʃtʲər/,fenestra,seinester
'fe:.ri.,/ˈʃe:.rʲe/,fēria,séire
'se:n.s,/ˈʃe:ʃ/,sēnsus,séis
ˈsig.n,/ˈʃe:n/,signum,sén 1
'se.na.tor,/ˈʃe.nə.do:rʲ/,senator,sen\atóir
'si.no.d,/ˈʃe.nəð/,synodus,senad 1
sep.tem,/ˈʃep.tʲi.e:n/,septem,Septién
'fer.ku.l,/ˈʃer.kəl/,ferculum,sercol
'ser.gi.,/ˈʃe.rʲə.ga:n/,Sergius,Seric\án
ses.'ta:.ri.,/ˈʃe.sre/,*sestārius,sesrae
'ses.t,/ˈʃest/,*sesta,sest
ˈse:n.s,/ˈʃiəns/,sēnsus,síans
'fi:.bu.l,/ˈʃi:.vəl/,fībula,síbal
si.'ki.li.,/ˈʃi.kʲəl.de/,Sicilia,Sicel\de
si.'gil.l,/ˈʃi.ɣʲlʲə.θʲe/,sigilla,sigl\ithe
'sil.la.b,/ˈʃi.Ləv/,syllaba,sillab
'sim.ma.k,/ˈʃi.mək/,Symmachus,Simmach
ˈsi:.tu.l,/ˈʃi:.θəl/,*sītula,síthal
fle:k.t,/ˈʃlʲe:x.təðʲ/,flēctō,slécht\aid
'flo:.k,/ˈslo:x/,*flōcus,slóch
'so:.kra.t,/ˈso.gra:dʲ/,Sōcratēs,Socráit
ˈso.l,/ˈsol/,solum,sol
sol.ˈlem.ne,/ˈso.Lu.mun/,sollemne,sollummun
'so.n,/ˈson/,sonus,son 1
'stup.p,/ˈsop/,stuppa,sopp
ˈfur.n,/ˈsorn/,furnus,sorn
'spe:.ku.l,/ˈʃpʲe:.glə/,*spēcula,spécla
spi.'ra.ku.l,/ˈʃpʲi.rə.gul/,spiraculum,spiracul
'spir.tu,/ˈʃpʲiwrt/,*spirtus,spiurt
stra:.t,/ˈsra:dʲ/,strāta,sráit
stra.'tu:.r,/ˈsra.θər/,*stratūra,srathar
'fre:.n,/ˈʃrʲiən/,frēnum,srían
fra.'gil.l,/ˈsro.ɣʲəl/,*fragillum,sroigel
'stag.n,/ˈsta:n/,stagnum,stán
'ste.fa:.n,/ˈʃtʲe.fa:n/,Stephānus,Stephán
ˈsto.ri.,/ˈstorʲ/,*storia,stoir
'su:.a.wis,/ˈsuə.vəʃ/,*sūauis,súabais
'su:.k,/ˈsu:ɣ/,*sūcus,súg
su.ber.la:.'ti:.w,/ˈsu.ber.lədʲ/,superlātīuus,superlait
'fu:s.t,/ˈsu:st/,fūstis,súst
so:s.te.ne:s,/sus.tə.nʲəs/,Sōsthenēs,Susthenes
ta.bel.l,/ˈta.vəL/,tabella,taball
'ta:.bu.l,/ˈta:.vəL/,*tābula,táball
ta.bel.'la:.ri.,/ˈta.vlə.rʲe/,tabellārius,tablaire
ta.ˈlen.t,/ˈta.Lənd/,talentum,talland
tar.'se:n.s,/ˈtar.sən.de/,tarsēnsis,tarsen\dae
ˈte:.s,/ˈtʲe:ʃ/,*thēsis,téis
'tes.t,/ˈtʲeʃtʲ/,testis,teist
tes.ti.'mo:.ni.,/ˈtʲe.ʃtʲə.ɱʲənʲ/,testimōnium,teistimin
'te.la.mo:n,/ˈtʲe.lə.ɱo:n.de/,Telamōn,telamón\de
ˈtem.pl,/ˈtʲem.pul/,templum,tempul
te.'o.ri.,/ˈtʲe.orʲ/',theoria,teöir
tir.'re:.n,/ˈte.Rʲe:nʲ,Tyrrhēnus,Terriéin
ˈter.ti.,/ˈtʲert/,tertia,tert
'te:.k,/ˈtʲiəɣ/,thēca,tíag
ti.'mo.te.,/ˈtʲiəɱ.θe/,Timotheus,Tíamthe
ti:.ˈbur.t,/ˈtʲi.vur.tə.ðʲe/,Tīburtus,tiburt\ide
'ti:.m,/ˈtʲi:ɱ/,*thȳmum,tím
'tim.pa.n,/ˈtʲim.pa:n/,tympanum,timpán
'ti.t,/ˈtʲid/,Titus,Tit
'ti.tu.l,/ˈtʲi.dəl/,titulus,titul
'tu.b,/ˈtov/,tuba,tob
'to.n,/ˈto:nʲ/,*tōnus,tóin
'to.ma:s,/ˈto.ɱa:s/,Thomās,Tomás
to:.t,/ˈtod/,tōtus,tot
'trak.t,/ˈtra:x.təðʲ/,tractō,trácht\aid
tri.'bla:.ti.o:,/ˈtʲrʲe.vlədʲ/,*triblātiō,treblait
tri.'bu:.n,/ˈtʲrʲe.vəN/,tribūnus,trebunn
tri.'da:.n,/ˈtʲrʲe.ðən/,*tridāna,tredan
tri:.n.'da:t,/ˈtʲrʲi:n.do:dʲ/,trīndātem,tríndóit
'tri.b,/ˈtʲrʲiwv/,tribus,triub
'tro:.j,/ˈtroj/,Trōia,Troí
'tro.b,/ˈtrob/,tropus,trop
ˈtra:ns.tr,/ˈtrost/,trānstrum,trost
ˈtu.ni.k,/ˈtu.nʲəx/,tunica,tuinech
ˈtu:s,/ˈtu:s/,thūs,tús
'ho:.r,/ˈo:r/,hōra,úar
we:.ro:.ˈne:n.s,/ˈfʲe.rə.nʲən.ste/,uērōnēnsis,ueronens\tae
wes.pa.si.ˈa:.n,/ˈfʲe.spə.ʃiən/,Uespasiānus,Uespisían
ˈul.ti.m,/ˈulʲtʲ/,ultima,uilt
wul.ˈka:.n,/ˈul.ka:n/,Uulcānus,ulcán
ˈhu.mi.l,/ˈu.ɱəl/,humilis,umal
u.ˈna:.ri.,/ˈu.na:rʲ/,*unārius,unáir
ˈuŋ.ki.,/ˈuŋ.ge/,uncia,ungae
awk.ˈsi.li.,/ˈu:.sə.lʲe/,auxilius,úsaile
ˈpsi.len,/'ʃi.lʲən/,psilen,psilen
