'a.a.ro:n,/ˈa.rən/,Aarōn,Aron
'ab.ba,/ˈab/,abbas,abb
a.be.ke.'da:.ri.,/ˈabʲ.ɣʲə.dʲərʲ/,abecedārium,aipgitir
'a.bel,/ˈa.vʲe:l/,Abel,Abél
a.'bi.me.lek,/ˈa.vʲə.ɱʲə.lʲəx/,Abimelech,Abimelech
'a:.bra.he:,/ˈa.vra.e/,Ābrahae,Abrache
'a:.bra.ham,/ˈavra.aɱ/,Ābraham,Abraham
'a:.bram,/ˈa.vrəɱ/,Ābram,Abram
'ap.sa.lon,/ˈa.vʲə.sə.lən/,Absalon,Abisolon
ab.sti.'nen.ti.,/ˈav.stə.nədʲ/,abstinentia,abstanait
a.'bis.s,/ˈa.vʲəʃ/,abyssus,aibis
ok.'ka:.si.o:,/ˈa.kuʃ/,*accāsiō,accuis
ak.'ken.t,/ˈa.kʲənd/,accentus,aiccend
ak.ki.'den.ti.,/ˈa.kʲə.ðʲədʲ/,accidentia,aiccidit
a.'ke:.t,/ˈa.kʲe:t/,acētum,acét
a.'ki.to.fel,/a.xʲə.təfəl/,Achitophel,Achitofel
a.kri.si.'o:.ne:,/ˈa.kʲrʲə.ʃən.de/,Acrisiōnē,acrision\dae
a:k.tu.'a:.l,/ˈax.ta:lʲ/,āctuālis,achtáil
a.'ku:.t,/ˈa.gudʲ/,acūtus,acuit
'a:.da:.m,/ˈa:.ðəɱ/,Ādām,Ádam
ad.'jek.t,/ˈa.ðʲiəxt/,adiectus,adiacht
a.'do:.r,/að.ˈo.ra/,adōrō,ad·ora
a.'dul.ter,/ˈa.ðəl.trəs/,adulter,adaltr\as
e:.'gip.t,/ˈe:.ɣʲəpt/,Aegyptus,Éigept
e:.gip.'ti.a.k,/ˈe:.ɣʲəp.təx.ðe/,aegyptiacus,éigept\ach\dae
e:.mi.li.'a:.n,/ˈe.ɱʲəlʲe:nde/,aemiliānus,emilén\dae
aj.'ne:a,/ˈaj.nʲe.e.ðe,Aenēās,aenee\dae
aj.'ne:.a:s,/ˈaj.nʲe.as/,Aenēās,Aeneas
'e:.o.l,/ˈewl.de/,Aeolus,eol\dae
'e:.o.le:n.s,/ˈew.lʲən.te/,aeolēnsis,eolen\tae
e:.kwi.'nok.t,/ˈe.gʲə.nəxt/',aequinoctium,ecenocht
'a:.e:r,/ˈa.er/',āēr,aër
e:.ti.'o.bi.,/ˈe.θʲəbʲ/,Aethiobia,Ethioip
'a:.fri.k,/ˈa.frək.ðe/,āfricus,afrac\dae
a.lek.'san.der,/a.ləx.sən.dər/,Alexander,Alaxander
al.le.'lu:.ja,/ˈa.Lʲe/,allelūia,aille
al.'mo:.si.n,/ˈalɱ.sən/,*almōsina,almsan
'al.p,/ˈal.pe/,Alpēs,Alpae
'al.fa,/ˈal.fa/,alpha,alfa
al.'pi:.n,/ˈal.pən.de/,alpīnus,alpan\de
al.ˈta:.re,/ˈal.to:rʲ/,altāre,altóir
'a:.me:n,/ˈa.ɱənʲ/,āmēn,amein
ˈam.mon,/ˈa.mən/,Ammon,Ammon
a.'na.go.ge:,/ˈa.nə.ɣə.ɣʲe:n/,anagogēn,anagogien
a.na.'lo.gi.,/ˈa.nə.ləx/,analogia,analach
a.ˈna.ni.a:,/ˈa.Ne/,Ananiās,Annae
'aŋ.ko.r,/ˈaŋ.kə.rʲe/,ancora,ancaire
'aŋ.ko.r,/ˈiŋ.gər/,ancora,ingor 1
an.'dre:.a:,/ˈanʲ.dʲrʲa/,Andrēās,Aindrea
'aŋ.ge.l,/ˈaŋʲ.gʲəl/,angelus,aingel
'a.ni.m,/ˈa.nʲəmʲ/,anima,ainimm
ˈa.ni.o:,/ˈa.nʲi.en/,Aniō,Anien
an.te.ˈter.ti.,/ˈan.tʲərt/,ante tertiam,antert
an.te.be:.'nul.ti.m,/ˈan.tʲə.bʲə.nʲulʲtʲ/,antepaenultima,antepeneuilt
an.ti.'kris.t,/ˈant.xri:st/,Antichristus,Antchríst
an.'da:.t,/ˈan.do:dʲ/,*andātem,andóit
an.'to:.ni.,/ˈan.tə.na:n/,Antōnius,antonán
a.'bol.lo:,/ˈa.bəLʲ/',Apollō,Apoill
a.'bos.to.l,/ˈab.stəl/,apostolus,apstal
a.'pos.to.l,/ˈax.səl/,apostolus,axal
a.'bos.tro.f,/ˈa.bə.strəfʲ/,apostrophus,apostroiph
a.'bri:.l,/ˈa.bʲrʲe:lʲ/,Aprīlis,Apréil
'a.kwi.l,/ˈa.kəlʲ/,Aquila,Aquil
'a:.rab,/ˈa.rəv.ðe/,Ārabem,arab\dae
'a.ran,/ˈa.rən/,Aran,Aran
'ar.k,/ˈa:rk/,arca,árc
ar.'kaŋ.ge.l,/ˈar.xəŋʲ.gʲəl/,archangelus,archaingel
ar.gu:.'men.t,/ˈar.gu.ɱʲənʲtʲ/,argūmentum,argumeint
a.ris.'to.te.le:s,/ˈa.rʲə.stə.təlʲ/,Aristotelēs,Aristotil
'ar.m,/ˈarm/,arma,arm
ar.'ti.ku.l,/ˈarʲ.tʲə.gəl/,articulus,articol
'a.sap,/ˈa.səf/,Asaph,Asaph
as.'si.ri.,/ˈa.sər/,Assyria,Asar
as.te.'ri:s.k,/ˈa.ʃtʲrʲəsk/,asterīscus,aistrisc
as.ti.'a:.ri.,/ˈa.ʃtʲə.rʲe/,*astiārius,aistire
'a.to.m,/ˈa.dəɱ/,atomus,atom
'at.tat,/ˈatʲ/,attat,aitt
'at.ti.k,/ˈa.tək/,Atticus,Atac
'awk.tor,/ˈawx.tər/,auctor,auctor
awk.'to:.ri.ta:s,/ˈawx.tər.ta:s/,auctōritās,augtortás
'aw.r,/ˈo:r/,aurum,ór 1
awk.ˈsi.li.,/ˈu:.sə.lʲe/,auxilius,úsaile
ak.'sil.l,/ˈox.səl/,axilla,ochsal
'ba.al,/ˈba.al/,Baal,Bachal
'ba.bi.lo:n,/ˈba.vʲə.lo:n/,Babylōn,Babilón
'ba.ku.l,/ˈba.xəL/,baculum,bachall
'ba.la.am,/ˈba:.ləɱ/,Balaam,Bálam
'bal.b,/ˈbalb/,balbus,balb
'bap.tis.t,/ˈbap.təʃtʲ/,(Iōhannēs) Baptista,Baptaist
ba.'rab.ba:,/ˈba.rə.va:n/,Barabbās,Barab\án
'bar.ba.r,/ˈbar.ba:r/,barbarus,barbár
'ba:r.k,/ˈba:rk/,bārca,bárc
'bar.na.ba:,/ˈbar.nəbʲ/,Barnabās,Barnaip
'bar.na.ba:,/ˈbar.nə.ba:n/,Barnabās,Barnap\án
ba.'si.li.k,/ˈba.ʃlək/,basilica,baislec
ba.'tis.m,/ˈba.θʲəs/,*batisma,baithes
'be.or,/ˈbʲe.or/,Beor,Beor
'be:.a.t,/ˈbʲi.adʲ/,*bēatī,biait
be.'el.ze.bub,/ˈbʲel.sə.fuθ/,Beelzebub,Belzefuth
ben.'dik.ti.o:,/ˈbʲen.dəxt/,*bendictiō,bendacht
be.ne.'di:.k,/ˈbʲen.də.xəðʲ/,benedīcō,bendach\aid
'ben.ja.min,/ˈbʲe.nʲə.ɱʲi:n/,Beniamin,Beneamín
be.re:.'e:n.s,/ˈbʲe.rʲən.ste/,beroeēnsis,berens\dae
'be:s.ti.,/ˈbʲe:ʃtʲ/,bēstia,béist
'be.tel,/ˈbʲe.θʲəl/,Bethel,Bethel
be:t.le.'he:.m,/ˈbʲe.θʲlʲəɱ/,Bēthlehēmum,Beithlem
be:t.le.'he:.m,/ˈbʲe.θʲə.lʲəɱ.ðe/,Bēthlehēmum,bethelem\dae
bet.'sa.be.e,/ˈbʲer.sə.ve/',Bethsabee,Bersabae
bi.'na:.ri.,/ˈbʲi.na:rʲ/,*binārius,bináir
bis.'sek.st,/ˈbʲi.ʃəxs/,bissextus,bissex
'bras.si.k,/ˈbra.ʃəx/,brassica,braisech
brit.'to:.n,/ˈbʲrʲe.tənʲ/,brittōnēs,Bretain
'broŋ.ki.,/ˈbroŋ.gə.ðʲe/,bronchia,brongai\de
bur.di.'ga.li.,/ˈbord.ɣəl/,Burdigalia,Bordgal
'bur.g,/ˈborg/,burgus,borg
ka.'du:.k,/ˈkað.xəx/,cadūcus,cadch\ach
ka.'ja:.fa:s,/ˈka.i.fəs/,Caiāphās,Caïphas
ka.'li:.go:,/ˈka.lʲəx/,calicem,cailech
'ka.li.k,/ˈka.lʲəx/,*calīgō,cailech 3
ka.mel.l,/ˈka.ɱəL/,camellus,camall
ka.'mi.si.,/ˈkamʲ.ʃʲe/,camisia,caimmse
ka.n,/ˈka.nə/,Cana,Cana
kaŋ.'kel.l,/ˈkaŋʲ.gʲəl/,cancella,caingel
kan.'de:.l,/ˈkanʲ.dʲəl/,candēla,caindel
'kan.di.d,/ˈkan.də.ðəs/,candidus,candadas
'kan.na.b,/ˈkna:vʲ/,cannabis,cnáib
'kan.nu.l,/ˈko.NəL/,cannula,connall
'ka.no:n,/ˈka.no:nʲ/,canōn,canóin
ka.bil.'la:.ti.o:,/ˈka.blədʲ/,capillātiō,caplait
ka.'bi.tu.l,/ˈkabʲ.dʲəl/,capitulum,caiptel
'kap.tor,/ˈkax.tər/,captor,cachtor
kar.'buŋ.ku.l,/ˈkar.buŋ.kəlʲ/,carbunculus,carbuncail
kar.'buŋ.ku.l,/ˈkar.ɱə.gəl/,carbunculus,carmocol
'kar.ker,/ˈkar.kər/,carcer,carcar
kar.'ta:.t,/ˈkar.to:dʲ/,*cartātem,cartóit
'ka:.se.,/ˈka:.ʃe/,cāseus,cáise
kas.'til.l,/ˈka.ʃəl/,*castillum,caisel
'ka.su.l,/ˈka.səl.de/,casula,casal\dae
ka.te:.'ku:.me.n,/ˈkaθ.xəɱʲ.nʲəð/',catēchūmenus,cathchoimn\id
'ka.te.dr,/ˈka.θaʲrʲ/,cathedra,cathaír
ka.'to.li.k,/ˈka.θləx/,catholicus,cathlach
'ka.tu.l,/ˈka.tu.la:n/,Catulus,Catulán
'kaw.s,/ˈkaus/,causa,coäis
'ke.dr,/ˈkʲe.dərʲ/,cedrus,cedair
'ke.le.br,/ˈkʲe.lʲə.vrəðʲ/,celebrō,ceilebr\aid
'ken.tr,/ˈkʲinʲ.tʲərʲ/,centrum,cinteir
'ke:.r,/ˈkʲe:rʲ/,cēra,céir
'ker.t,/ˈkert/,certus,cert
ker.'wi:.kal,/ˈkʲer.xəLʲ/,cervīcal,cerchaill
'ke:.s,/ˈkʲi:s/,*cēsus,cís
kal.'de:.,/ˈkal.de.a/,Chaldaea,Calldea
kal.'de:.,/ˈkald/,Chaldaeus,Cald
'ka.na.a:n,/ˈka.Na:n/,Chanaān,Cannán
'ka.na.a:n,/ˈka.Nan.de/,Chanaān,cannan\dae
ka:.'rak.ter,/ˈka:.rəx.tər/,*chāracter,cárachtar
'kar.t,/ˈkarʲtʲ/,charta,cairt
'ke.ru.bi:n,/ˈxʲe.ru.fʲi:n/,cherubīn,Cherupín
'ke.ru.bi:n,/i.ru.fʲi:n/,cherubīn,Iruphín
'kris.t,/ˈkʲrist/,Christus,Críst
kris.ti.'a:.n,/ˈkʲrʲe:.ʃən/,christiānus,créisen
'kiŋ.gl,/ˈkʲeŋ.gəl/,*cingla,cengal
'kip.p,/ˈkʲep/,cippus,cepp
'kir.ku.l,/ˈkʲir.kul/,circulus,circul
kir.kum.'flek.s,/ˈkʲir.kunʲ.fʲlʲəxs/,circumflexus,circunflex
'kis.t,/ˈkes/,cista,ces
'klas.s,/ˈklas/,classis,clas 2
'klaw.su.l,/ˈklaw.sul/,clausula,clausul
'kle:.r,/ˈkʲlʲe:r/,clērus,clér
'kle:.ri.k,/ˈkʲlʲe:.rʲəx/,clēricus,cléirech
ko.'ki:.n,/ˈku.gəN/,*cocīna,cucann
kok.'tu:.r,/ˈkux.tər/,coctūra,cuchtar
'ko.hor.t,/ˈku:ərdʲ/,cohortem,cúaird
'kol.ki.,/ˈkol.xi.e/,Colchis,colchiae
'kol.ki.d,/ˈkol.xə.ðʲe/,Colchidem,colche\de
ko.'lum.b,/ˈko.luɱ/,columba,colum
ko.'lum.n,/ˈkol.ve/,columna,–colbae
kom.'mu:.ni.o:,/ˈko.mən/,commūniō,comman
kom.pa.ra:.'ti:.w,/ˈkom.pə.rədʲ/,comparātīuus,comparait
ko:n.'fes.si.o:,/ˈko.vəʃ/,cōnfessiō,cobais
ko:n.'fi.te.or,/ˈku.vʲə.dʲər/,cōnfiteor,cuibiter
ko:n.se.kr,/kon.ˈʃe.kra/,cōnsecrō,con·secra
'ko:n.so.n,/ˈkon.sən/,cōnsonus,consan
ko:ns.tan.ti:.'no.bo.l,/ˈkon.stənʲ.tʲə.nə.bəl/,Cōnstantīnopolis,Constantinopol
'ko:n.sul,/ˈkon.səl/,cōnsul,consal
ko:n.sum.'ma:.ti.o:,/ˈkos.ɱəðʲ/,cōnsummātiō,cosmaid
kon.'ten.ti.o:,/ˈkon.tən/,contentiō,contan
kon.'trak.t,/ˈkon.trəxt/,contractus,contracht
ko.'rin.t,/ˈko.rʲənt/,Corinthus,Corint
kor.'ne:.li.,/ˈkor.nəlʲ/,Cornēlius,Cornil
ko.'ro:.n,/ˈko.rəN/,corōna,corann
'kor.pus,/ˈkorp/,corpus,corp#kor.p?
kre.'bus.ku.l,/ˈkrab.skulʲ/,crepusculum,crapscuil
kre.'ter.r,/ˈkʲrʲe.θʲərʲ/,*creterra,creithir
'kro:.k,/ˈkro:x/,*crōcus,cróch
'kro.ta.l,/ˈkro.θəl/,crotalum,crothal
kro.'ta.li.,/ˈkro.θlə/,crotalia,crothla
'kru.k,/ˈkrox/,crucem,croch
'kruks,/ˈkros/,crux,cros
'ku.b,/ˈku:.vəðʲ/,cubō,cúb\aid
'ku.b,/ˈkuv/,cubus,cyb
ku.'kul.l,/ˈko.xəL/,cucullus,cochall
'kul.ki.t,/ˈkol.kəðʲ/,culcita,colcaid
ku.'li:.n,/ˈku.lʲəN/,culīna,*cuilenn
'kul.tr,/ˈkol.tər/,cultrum,coltar
'ku.me.r,/ˈko.ɱrər/,cumera,comrar
'ku.ra:s.'a.go:,/ˈku:r.sə.ɣəðʲ/,curās agō,cúrsag\aid
'kur.t,/ˈkurʲtʲ/,curtis,cuirt
kur.'ti:.n,/ˈkur.tʲi:.nəð/,curtīna,curtín\ad
'ki.kl,/ˈkʲi.kul/,cyclus,cicul
ki.kla.si.a,/ˈkʲi.glə.ste/,Cyclasias,ciclas\tae
'ki:.r,/ˈkʲer/,Cȳrus,Cer
'ki:.r,/ˈkʲi:r/,Cȳrus,Cír
'dak.ti.l,/ˈdax.təlʲ/,dactylus,dactil
'de:.mon,/ˈdʲe.ɱən/,daemon,demon
'dam.n,/ˈdaɱ.nəð/,damnō,damn\ad
dam.'na:.ti.o:,/ˈda.mənʲ/,damnātiō,dammain
'da.ni.e:l,/ˈda.nʲi.e:l/,Daniēl,Danïél
dar.'da:.n,/ˈdar.da:n.de/,Dardānus,dardán\de
'da:.wi:d,/ˈdaw.iðʲ/,Dāuīd,Dauid
de.'ka:.d,/ˈdʲe.kəðʲ/,decādem,deccaid
de:.'na:.ri.,/ˈdʲi:r.ne/,dīnārius,dírnae
de:.bre.'ka:.ti.o:,/ˈdʲe.bʲrʲə.go:dʲ/,dēprecātiō,deiprecóit
der.'be:n.s,/ˈdʲer.bən.ste/,derbēnsis,derbens\dae
dew.te.ro.'no.mi.,/ˈdʲew.tər.nəɱʲ/,deuteronomium,deutornim
di.'a.bo.l,/ˈdʲiə.vul/',diabolos,díabul
di.'a:.ko.n,/ˈdʲe.xən/,diāconus,dechon
di.a.'lek.ti.k,/ˈdʲiə.lʲex.təkʲ/',dialectica,dialectaicc
di.'a.me.ter,/ˈdʲiə.θʲərʲ/',diameter,díaithir
dik.t,/ˈdʲex.təðʲ/,dictō,decht\aid
dik.'ta:.to:r,/ˈdix.tə.do:rʲ/,dictātōr,dictatóir
di.'gam.m,/ˈdʲi.ɣəmʲ/',digamma,digaimm
dis.'ki.bu.l,/ˈdʲe.ʃkʲə.bul/',discipulus,descipul
'do.eg,/ˈdo.eg/,Doeg,Doeg
dom.'ni.k,/ˈdoɱ.nəx/,*domnicus,domnach
'dra.ko:,/ˈdrawg/,dracō,drauc
'du.bl,/ˈdu.bulʲ/,duplus,dupuil
'du.um.wir,/ˈdo:.ɱo:rʲ/,duumuir,dómóir
e.ˈkle:.si.,/ˈe.gləʃ/,eclēsia,eclais
'e.le.fan.t,/ˈe.lʲə.fa:nʲtʲ/,elephantem,elifáint
em.bo.'lis.m,/ˈemʲ.bʲlʲə.ʃəm/,embolismus,embleisim
e.'bak.t,/ˈe.bəxt/,epactae,epacht
ˈe.pe.s,/ˈe.fʲəs/,Ephesus,Ephes
e.'fra.te:.,/ˈe.frə.dʲə.ðʲe/,Ephrataeus,Eufrat\ide
e.'bis.tu.l,/ˈe.bʲə.ʃtʲəlʲ/,epistula,eipistil
'ebs.ko.b,/ˈeb.skəb/,*epscopus,epscop
'e.saw,/e:.su/,Esau,Éssu
es.'ko.b,/ˈe.skəb/,escopus,escop
eks.'kep.t,/ˈex.skəp.təðʲ/',exceptus,except\aid
eks.kom.mu:.ni.'ka:.ti.o:,/ˈesk.ɱən/,excommūnicātiō,escmon
eks.hi.'ber.n,/ˈe.sərn/,exhibernum,esarn
ek.ˈsor.kis.t,/ˈex.sər.kə.stəðʲ/,exorcistus,exarcist\id
'fa.b,/ˈʃevʲ/,faba,seib
fa.'ta:.le,/ˈfa:.dəl/,fatāle,fátal
fe.'bra:.ri.,/ˈfʲe.vrə/,*febrārius,Febra
fe:.mi.'ni:.n,/ˈfʲe.ɱʲən/,fēminīnus,feimen 1
fe.'nes.tr,/ˈʃe.nʲə.ʃtʲər/,fenestra,seinester
'fer.ku.l,/ˈʃer.kəl/,ferculum,sercol
'fe:.ri.,/ˈʃe:.rʲe/,fēria,séire
fe:.ri.'a:.l,/ˈfʲe:.ro:lʲ/,fēriālis,féróil
'fi:.bu.l,/ˈʃi:.vəl/,fībula,síbal
ˈfik.t,/ˈʃext/,fictus,secht
'fi:.ku.l,/ˈfʲi:.gul.de/,fīcula,fícul\dae
'fi.gu:.r,/ˈfʲi.ɣər/,figūra,figor
fir.ma:.'men.t,/ˈfʲirʲ.mʲənʲtʲ/,firmāmentum,firmint
fle:k.t,/ˈʃlʲe:x.təðʲ/,flēctō,slécht\aid
'flo:.k,/ˈslo:x/,*flōcus,slóch
ˈfo:r.m,/ˈforʲmʲ/,fōrma,foirm
fra.'gil.l,/ˈsro.ɣʲəl/,*fragillum,sroigel
'fre:.n,/ˈʃrʲiən/,frēnum,srían
ˈfur.n,/ˈsorn/,furnus,sorn
'fu:s.t,/ˈsu:st/,fūstis,súst
/ˈga.la.t,/ˈga.ləd/,Galatae,Galat
ga.li:.ˈle:.,/ˈga.ləlʲ/,Galīlaea,Galail
ˈgal.l,/ˈgaL/,Gallus,Gall 1
gar.'ga:.n,/ˈgar.ga:n/,Gargānus,Gargán
ge.ne.a:.'lo.gi.,/ˈgʲe.nʲə.ləx/,geneālogia,genelach
ge.'ni.ti.o:,/ˈgʲe.nʲə.dʲiw/,*genitiō,genitiu
ˈgen.t,/ˈgʲenʲ.tʲi/,gentēs,geint\i
'gen.ti.l,/ˈgʲe.nʲ.tʲlʲə.ðʲe/,gentilis,gentl\ide
ge.'run.di.,/ˈgʲe.rəndʲ/,gerundium,gerind
'glan.di.,/ˈgla.nʲe/,glandium,glaine 3
ˈglo:.s,/ˈgluəs/,glōsa,glúas
gli.'ke.ri.,/ˈglʲi.ɣʲər.nəd/,Glycerium,gliger\nat
gra:.d,/ˈgra:ð/,*grādus,grád 1
gram.'ma.ti.k,/ˈgra.mə.dəkʲ/,grammatica,grammataicc
gra.w,/ˈgrafʲ/,grauis,graif 3
'gre:.k,/ˈgre:g/,*grēcus,gréc 1
'gri:.f,/ˈgʲrʲi:v/,grȳphus,gríb
ˈha.ba.kuk,/ˈam.bə.kuk./,Habacuc,Ambaucuc
ha.'be:.n,/ˈa.vəN/,habēna,abann
he:.'re.s,/ˈe.rʲəs/,haeresis,eres
he:.'re.ti.k,/ˈe.rʲə.dʲəg/,haereticus,eritic
he.'bre:.,/ˈe.vre/,Hebraeus,Ebrae 1
he.ri.o.'so.li.m,/ˈi.ru.sə.lʲəɱ/,Heriosolyma,Irusalem
he:.'ro:.de:,/ˈe.ro:ðʲ/,Hērōdēs,Heróid
he:.ˈro:.i.k,/ˈe.rʲe:x.ðe/,hērōicus,eréc\dae
'he.saw,/e.ˈsaw/,Hesau,Esau
hi.e.'ro:.ni.m,/ˈkʲi.rʲə.nʲe/,Hierōnymus,Cir\ine
'ho.nor,/ˈo.no:rʲ/,honor,onóir
'ho:.r,/ˈo:r/,hōra,úar
ho.ra.ti.'a:.n,/ˈo.rə.tʲən.de/,horatiānus,oratian\dae
'ho.se.a,/ˈo.se/,Hosea,Ossæ
ˈhu.mi.l,/ˈu.ɱəl/,humilis,umal
hu.mi.li.ˈta:.t,/ˈu.ɱəl.do:dʲ/,humilitātem,umaldóit
ja:.'ju:.ni.,/ˈaj.nʲe/,iāiūnium,aíne
i:.'do:.l,/ˈi:.ðəl/,īdōlum,ídol
i.'do:.ne.,/ˈi.ðən/,idōneus,idan
i.du.'me:.,/ˈiə.ðuɱ.ðe/,Idumaea,íadum\dae
'je.bus,/ˈe.vu.ste/,Iebus,ebus\tae
je.'na:.ri.,/ˈje.nər/,*ienārius,Ienar
'je:.su:,/ˈi:.su/,Iēsūs,Ísu
'je.su.a,/ˈʲe.su/,Iesua,Iessu
i.ˈfer.n,/ˈi.fʲərn/,*ifernum,ifern
'i:.li.k,/ˈi.lʲəx.ðe,īlicem,ilec\de
'i:.liŋ.n,/ˈi.lʲəɣ.nʲə.ðʲe/,īlignus,ilign\ide
i:.'ma:.go:,/ˈi:.ɱa:ɣʲ/,*īmāgō,ímáig
ˈim.pro.b,/ˈam.prəɱ/,improbus,amprom
'i.na.k,/ˈi.nəx.ðe/,Inachus,inach\dae
in.ˈdik.ti.o:,/ˈin.dʲəxt/,indictiō,indecht
in.fi:.'ni:.t,/ˈinʲ.fʲə.nʲədʲ/,infīnītum,infinit
in.'no.ku.,/ˈe.Nəg/,innocuus,ennac
i:n.skri:.'ben.d,/ˈinʲ.ʃkʲrʲi:.vʲənd/,īnscrībendum,inscríbend
in.tel.'lek.t,/ˈinʲ.tʲluxt/,intellectus,intliucht
in.ten.ti.o:,/ˈinʲ.tʲəN/,intentiō,intinn
in.ter.'jek.ti.o:,/ˈinʲ.tʲə.rʲəxt/,interiectiō,interiecht
jo.ab,/ˈjo.av/,Ioab,Ioäb
jo:.'an.ne:,/ˈjo.anʲ/,Iōannēs,Iohain
jo:b,/ˈjo:v/,Iōb,Iób
'jo.na.ta:n,/ˈjo.na.θan/,Ionathān,Ionathan
ˈjor.da.ne:n,/ˈjor.da.nʲe:n/,Iordanēn,Iordanén
jo:.'se:.f,/ˈjo.ʃiəv/,Iōsēphus,Ioseph
i:.ro:.ˈni:.,/ˈi:.ro:nʲ/,īrōnīa,íróin
ˈi.sa.a:k,/ˈi.sa.ak/,Isaāc,Isáac
'is.majl,/ˈi.smajl/,Ismael,Ismaíl
is.ˈra:.e:l,/ˈi.sra.el/',Isrāēl,Israël
i.ˈta.li.,/ˈe.da:lʲ/,italia,Etáil
ju:da,/ˈju:.ða/',Iūdās,Iuda
ju:da,/ˈju:.ðəs/',Iūdās,Iudas
ju:.'de:.,/ˈju:.ðe.i/',Iūdaeus,Iúdaei
'ju:.li.,/ˈju:lʲ/,Iūlius,iúil
ka.'len.d,/ˈka.lənd/,Kalendae,caland
ka.'len.d,/ˈko.Lən.də.rəxt/,Kalendae,colland\oracht
la.'bo:.r,/ˈlu.vərʲ/,labōrem,lubair
'la:.i.k,/ˈlajx/,lāicus,láech
'la:.mi.n,/ˈlaN/,lāmina,lann
'la:r.t,/ˈlart/,Lartem,lart
'la.ter,/ˈla.tʲər/,later,later
la.'ti:.n,/ˈla.dʲən/,Latīna,Laiten
la.'ti:.n,/ˈla.dʲən/,Latīnus,Latin
la.'tro:n,/ˈla.drəN/,latrōnem,latrann
law.'ren.ti.,/ˈlaw.rʲən.tə.ðʲe,Laurentium,laurent\ide
'lak.s,/ˈlaxs/,laxus,lax
'le.g,/ˈlʲe:.ɣəðʲ/,legō,lég\aid
le.'gen.d,/ˈlʲe:.ɣʲənd/,legendum,léigend
'le.gi.o:,/ˈle.ɣʲo:n/,legiōnem,leigeón
'le.gi.o:,/ˈle:.gʲo:n/,legiōnem,léigeón
'le.o:,/ˈlʲew/,leō,leo
le.wi.'a:.tan,/ˈlʲe.vʲə.ða:n/,Leviāthan,Lebedán
le:.wi:.t,,Lēvītēs,Leuit\e
'li.ba.n,/lʲew.an/,Libanus,leuan
'li.br,/ˈlʲe.vər/,librum,lebor
'li.ket,/ˈlʲe.gʲəd/,licet,lecet
ˈli.gu.r,/ˈlʲi.ɣər.ðe/,Ligurēs,ligor\dae
'li:.n,/ˈlʲi:n.de/,līnum,lín\dae
'li:.ne.,/ˈlʲi:.nʲəx/,līnea,lín\ech
'li.kwi.d,/ˈlʲex.ðəɣʲ.θʲe/,liquidus,lechd\aig\the
'li:.t,/ˈlʲi:θ/,lītus,líth
li.'ta.ni.,/ˈlʲi.da:n/,litania,litán
'lit.te.r,/ˈlʲi.tʲər/,littera,litter
'lo.k,/lˈog/,locus,loc
'loŋ.g,/ˈloŋ/,(nāvis) longa,long 1
lo:.'ri:.k,/ˈlu:.rəx/,lōrīca,lúirech
'lu.ka,/lu.kəs/,Lucas,Lucas
lu:.'ker.n,/ˈlo:.xərn/,*lūcerna,lócharn
'lu:.ki.fer,/lu.kʲə.fʲər/,lūcifer,Lucifer
lu.'na:.r,/ˈlu.na:rʲ/,*lunāris,lunáir
mak.ka.'be:.,/ˈma.xəv.ðe/,Maccabaeus,machab\dae
mak.ka.ˈbe:.,/ˈma.xə.ve/,Maccabaeus,Machabae
ma.ke.'do.ni.,/ˈma.kʲə.ðo:n.de/,Macedonia,Maccidón\dae
ma.'ke.ri.,/ˈma.gre/,maceria,macrae
'ma.ku.l,/ˈma:.xəLʲ/,macula,máchaill
ˈma.ku.l,/ˈmo.gəl/,macula,mocol
ma.'gis.ter,/ˈma.ɣʲə.ʃtʲər/,magister,maigister
mal.'di:.k,/ˈmal.də.xəðʲ/,*maldīcō,maldach\aid
mal.'dik.ti.o:,/ˈmal.dəxt/,*maldictiō,maldacht
ma.na.'ki:.,/ˈma.nəx/,*manachus,manach
'ma.na.k,/ˈmanʲ.xʲe/,*manachīum,mainche
ma.'nas.se,/ma.Nʲə.ʃe/,Manassēs,Mannese
'ma.ni.a,/ˈma:.nʲə/,mania,máinia
'man.n,/ˈmaN/,manna,mann
ma.'ri:.,/ˈma.rʲe/,Marīa,Maire
ma.ˈri:.a,/maˈrʲi.a/,Marīa,Maria
'ma:r.k,/ˈmark/,Mārcus,Marc
ma:r.'kel.l,/ˈmar.kəLʲ/,Mārcellus,Marcill
mar.'do.ke.,/ˈmor.də.xʲe.i/,Mardocheus,Mordochei
mar.ga.'ri:.t,/ˈmar.gə.rʲe:d/,margarīta,margarét
ˈmar.gi.n,/ˈmar.gən/,marginem,margan
'mar.mor,/ˈmar.mər/,marmor,marmar
'ma:r.t,/ˈmarʲtʲ/,(diēs) mārtis,mairt
'mar.t,/ˈmart/,Martis,Mart
'mar.tir,/ˈmar.tər/,martyr,martar
'mas.ku.l,/ˈma.skul/,masculus,mascul
mas.ku.'li:.n,/ˈma.sku.lʲən.de/,masculīnus,masculin\dae
'mas.s,/ˈmas/,massa,mass
ma'ti:.n,/ˈma.dən/,(hōra) matīna,matan
'me:.d,/ˈmʲeð/,Mēdus,Med 2
ˈme.di.k,/ˈmʲi.ðəx/,medicus,midach
mel.'ki.se.dek,/ˈmʲel.kə.ʃə.ðʲəx/,Melchisedech,Melchisedech
ˈmem.brum,/ˈmʲem.brum/,membrum,membrumm
me.'mo.ri.,/ˈmʲe.vurʲ/,memoria,mebuir
me.'mo.ri.,/ˈmʲe.mre/,memoria,memmrae
men.'di:.k,/ˈmʲinʲ.dʲəx/,mendīcus,mindech
mer.'ku.ri.,/ˈmʲer.kurʲ/,Mercurius,MercUir
me.ˈre.tri.k,/ˈmʲerʲ.dʲrʲəx/,meretricem,meirdrech
me.'su:.r,/ˈmʲe.sər/,*mesūra,messar
'me.tr,/ˈmʲe.dər/,metrum,metar 1
me:.'tro.bo.l,/ˈme.drə.bəlʲ/,mētropolis,metrapoil
'mi.ka.e:l,/ˈmʲi:.xʲe:l/,Michaēl,Míchél
'mi:.le,/ˈmʲi:l/,mīles,míl 2
'mi:.li.,/ˈmʲi:.lʲe/,mīlia,míle
'mi:.n,/ˈmʲin/,mīnus,min 1
mi:.'ra:.bi.l,/ˈmʲi:r.vəlʲ/,mīrābilis,mírbail
'mo:.ab,/ˈmo.av/',Mōab,Moab
'mo.d,/ˈmoð/,modus,mod
'mo.di.,/ˈmu.ðʲe/,modius,muide
mo.'li:.n,/ˈmu.lʲəN/,molīna,muilenn
mo.nas.'te:.ri.,/ˈmo.nʲə.ʃtʲərʲ/,monastērium,moinistir
mo.'ne:.t,/ˈmo.nəð/,monēta,monad
mo.nis.'te:.ri.,/ˈmunʲ.tʲər/,monistērium,muinter
mo:.'ra:.lis,/ˈmo.ra:.lus/,*morālis,morálus
mor.ˈta:.li.ta,/ˈmor.tləθʲ/,mortālitas,mortlaith
mor.ti.'ki.ni.,/ˈmorʲtʲ.xʲəN/,morticinium,moirtchenn
mo.ˈi:.se:,/ˈmo.i.ʃi/,Mō̆ȳsēs,Moysi
'mu:.l,/ˈmu:l/,mūlus,múl
'mu:.r,/ˈmu:r/,mūrus,múr
'mu:.t,/ˈmu:t/,mūtus,mút
'mir.t,/ˈmʲirt/,myrtus,mirt–
na.bu.ko.'do.no.sor,/ˈnav.kə.ðən/,Nabuchodonosor,Nabcodon
na.bu.ko.'do.no.sor,/ˈnav.kə.ðə.nə.sər/,Nabuchodonosor,Nabcodonozor
na.ta:.'li.ki.,/ˈno.dləgʲ/,*natālicius,notlaic
'na.tan,/ˈna.θən/,Nathan,Nathan
ˈnew.tr,/ˈnʲew.dur/,neutrum,neutur
new.'tra:.l,/ˈnʲew.du.ra:l.de/,neutrālis,neuturál\dae
ˈni.hil,/ˈnʲi.e.ləs/',nihil,nihel\as
'no:.e:,/ˈno.e/,Nōē,Nóë
ˈno:.n,/ˈno:n/,nōna,nón
'no.t,/ˈnod/,nota,not
'no.t,/ˈno.θəθ/,nothus,nothath
'nu.me.r,/ˈnu.ɱʲərʲ/,numerus,nuimir
'nun,/ˈnun/,Nun,Nun
'o.be.l,/ˈo.vʲəl/,obelus,obel
ob.'la:.t,/ˈov.le/,oblāta,oblae
'o.kre.,/ˈo.xrə/,ocreae,ochra
ok.'tem.ber,/ˈox.təmʲ.bʲərʲ/,*octember,Ochtimbir
of.fe.'ren.d,/ˈo.fʲrʲənd/,offerendum,oifrend
o.'le.,/ˈo.le/,oleum,olae
'o.be.r,/ˈo.bər/,opera,opar
op.ta:.'ti:.w,/ˈob.tədʲ/,optātīuus,optait
o.'ra:.kl,/ˈa.rə.gəl/,*orāclum,aracol
o.'ra:.kl,/ˈorʲ.gʲlʲəx/',*orāclum,oirgl\ech
o.'ra:.ti.o:,/ˈo.ro:dʲ/,*orātiō,oróit
o.'ra:.ti.o:,/ˈor.θə/,*orātiō,ortha
'or.di.n,/ˈor.dən/,ōrdinem,ordan
'or.di.n,/ˈorʲdʲ.nʲəðʲ/,ōrdinō,oirdn\id
'o:r.do:,/ˈord/,ōrdō,ord 1
'or.ga.n,/ˈor.ga:n/,organum,orgán
o.ri.'en.t,/ˈo.rʲi.ent,orientem,Orient
pa:.k,/ˈpo:g/,pācem,póc
pa.le:s.'ti:.na,/ˈpa.lə.ʃtʲə.na/,Palaestīna,Palastina
pal.la.ˈki:.n,/ˈpal.nəx.ðe/,pallacīnus,palnac\de
'pal.li.,/ˈka.Lʲe/,pallium,caille
'pan.n,/ˈkaN/,panna,cann
pa:.'bi.li.o:,/ˈpu.bəL/,pāpiliō,pupall
pa.'ra.bo.l,/ˈpa.rə.vəlʲ/,parabola,parabail
pa.'ra.bo.l,/ˈpar.vəlʲ/,parabola,parbail
pa.ra.'di:.s,/ˈpar.dəs/,paradīsus,Pardas
ˈpar.t,/ˈparʲtʲ/,partem,pairt
pa.'ru.ki.,/ˈparʲ.xʲe/,paruchia,pairche
'pa:s.k,/ˈka:sk/,Pāscha,cásc
'pas.ser,/ˈpa.ʃər/,passer,passer
'pa.ter,/ˈpa.dʲər/,pater,paiter
pa:.'tri.ki.,/ˈpa.drəgʲ/,*Pātricius,Pátric
pa.'tri.ki.,/ˈko.θrə.ɣʲe/,Patricius,Cothrige
'paw.l,/ˈpo:l/,Paulus,Pól
'pak,/ˈpa:ks/,pāx,pács
pek.'ka:.t,/ˈpʲ.ekəθ/,peccātum,peccath
pe.'le.,/ˈpʲe:.lʲəx.ðe/,Peleus,pél\ech\dae
pe.'li.k,/ˈkulʲ.xʲe/,*pelicius,cuilche
ˈpe:.n,/ˈpʲen/,pena,pén
pe.ni.ˈt,/ˈpʲe.Nʲədʲ/,*penitēre,pennit
ˈpen.na,/ˈpʲeN/,penna,penn
pen.'ten.ti.,/ˈpʲe.Nənʲdʲ/,*pententia,pennaind
pe:.'nul.ti.m,/ˈpʲe.nʲulʲtʲ/,pēnultima,peneuilt
'per.s,/ˈpʲers/,Persa,Pers
per.'so:.n,/ˈpʲer.sən/,persōna,persan
'pe:.s,/ˈpʲi:s/,*pēsum,pís
'pe.tr,/ˈpʲe.dər/,Petrus,Petar
fa.e.ˈton.ti.a,/ˈfʲe.tən.tə.ðʲe/,Phaëthontias,Fetont\ide
fi.'le:.mo:n,/fʲi.lə.ɱo:nʲ/,Philēmōn,Philomóin
fi.li.pi.a.'ne:n.s,/ˈfʲi.lʲə.pʲən.ste/,philipianēnsis,Philipians\tae
fi.'lis.tim,/ˈfʲli.ʃtʲəm/,Philisthim,Flistim
'fil.li.b,/ˈpʲi.lʲəb/,Phillipus,Pilip
fi.'lo.so.f,/ˈfʲel.suv/,philosophus,felsub
fir.ˈra.di.,/ˈfʲir.ðe/,Phirradios,phir\de
'pi.ber,/ˈʃkʲi.vər/,*piber,scibar
'pik.t,/ˈkʲixt/,pictus,cicht
ˈpi:.n,/ˈpʲi:n/,pīnus,pín
pi:.pi.'o:n,/ˈkʲi:.xə.nəx/,pīpiōnem,cíchan\ach
'pi.s,/ˈpʲiʃ/,pisum,pis
'pla:.g,/ˈpla:ɣ/,plāga,plág
'plan.t,/ˈkland/,planta,cland
pla.'te:.,/ˈpladʲ/,platēa,plait
'plek.t,/ˈkʲlʲext/,plecta,clecht
'plu:.m,/ˈklu:ɱ/,plūma,clúm
pom.'pej,/ˈpomʲpʲ/,Pompeius,Poimp
'pon.d,/ˈpond/,pondus,pond
ˈpon.ti.pi.ˈla:.ti.,/ˈponʲtʲ.fʲə.lət/,Pontius Pilātius,Pontfelat
'po:.bu.l,/ˈpo.bəl/,populus,popul
'po.bu.l,/ˈpo:.bəl/,pōpulus,pópol
'por.t,/ˈport/,portus,port
po.si.'ti:.w,/ˈpo.ʃədʲ/,positīuus,posit
pre.'kep.t,/ˈpʲrʲe.gʲəpt/,praeceptum,preicept
ˈpran.di.,/ˈprondʲ/,prandium,proind
ˈpre.do:,/ˈpʲrʲe.dəðʲ/,*predō,pret\aid
pre.'di:.k,/ˈpʲrʲið.xəðʲ/,*predīcō,pridch\aid
'pre.mi.ter,/ˈkruɱʲ.θʲər/,*premiter,cruimther
'pri:.m,/ˈpʲrʲi:ɱ/,prīmus,prím
pri.'mi.ti.,/ˈpʲri:.ɱədʲ/,primitiae,prímit
pris.ki.'a:.n,/ˈpʲrʲes.kʲi.e:n/,Prisciānus,Prescien
pris.'kil.l,/ˈpʲrʲis.kəLʲ/,Priscilla,Priscill
'pro.b,/ˈpro.ɱəðʲ/,probō,prom\aid
pro.'me:.te.,/ˈpro.ɱə.ðʲe/,Promētheus,promith\ide
'pro.bri.,/ˈpro.bʲərʲ/,proprium,propir
ˈpros.pe.r,/ˈpro.spərʲ/,Prosperus,Prospir
psal.'len.d,/ˈsa.Lənd/,psallendum,salland
'psal.m,/ˈsalm/,psalmus,salm
psal.'te:.ri.,/ˈsal.tərʲ/,psaltērium,saltair
pu.'gla:.ri.,/ˈpo:.lə.rʲe/,*puglāria,pól\ire
'puŋ.n,/ˈkuən/,pugnus,cúan
'pul.t,/ˈkolt/,pulta,colt
'pu:ŋk.t,/ˈpoŋk/,pūnctum,ponc
'pu:ŋk.t,/ˈpuŋkt/,pūnctum,punct
pur.ga.'to:.ri.,/ˈpur.gə.do:rʲ/,purgatōrium,purgatóir
'pur.pu.r,/ˈkor.kur/,purpura,corcur
'pu.te.,/ˈku.θʲe/,puteus,cuithe
'kwe:s.ti.o:,/ˈkʲeʃtʲ/,quaestiō,ceist
kwa.ra:.'ge:s.m,/ˈkor.ɣas/,*quarāgēsma,corgus
'kwa:.re:,/ˈkarʲ/,quarē,cair
'kwi:.n,/ˈkʲi:nʲ/,quīna,cín
kwiŋ.kwa:.'ge:s.m,/ˈkʲiŋ.kʲə.ɣʲəs/,*quinquāgēsma,cingciges
'kwi.ri.k,/ˈkʲi.rʲək/,Quiricus,Ciric
'rab.sa.ke:n,/ˈrav.sə.kʲe:n/,Rabsacēn,Rabsacen
ˈra:.m,/ˈra:ɱʲ/,rāmus,ráim
're:.a.t,/ˈrʲe:.du/,*rēatus,rétu
're:.gu.l,/ˈrʲiə.ɣəl/,rēgula,ríagol
re.'li.kwi.,/ˈre.lʲəgʲ/,reliquiae,reilic
re.'to.ri.k,/ˈrʲe.do.rʲəgʲ/,*rhetoricē,retoiric
'ro:.m,/ˈro:ɱ/,Rōma,Rúam
ro:.'ma:.n,/ˈro:.ɱa:n/,rōmānus,rómán
'ro:.mu.l,/ˈro.ɱəlʲ/,Rōmulus,romuil
'ro:.s,/ˈro:s/,*rōsa,rós
'rub.r,/ˈro.vur/,rubrum,robur
'rus.k,/ˈru:sk/,ruscum,rúsc
'sab.ba.t,/ˈsa.bədʲ/,sabbatum,sabbait
sa.'bi:.n,/ˈsa.vʲən.de/,Sabīnī,sabin\dae
sa.'kel.l,/ˈsa.xəL/,Sacellus,Sachall
sa.'ker.d,/ˈsa.gərt/,sacerdōs,sacart
sa.'ker.do.tal,/ˈsa.gər.də.tə.ləxt/,sacerdotal,sacerdotal\acht
sa.kər.'fi.ki.,/ˈsa.kər.vəkʲ/,*sacrficium,sacarbaicc
ˈsaj.ku.l,/ˈsaj.ɣul/,saeculum,sáegul
sa.'gel.l,/ˈsa.xəLʲ/,sagellum,sachaill [?]
sa.'git.t,/ˈsa.ɣʲəd/,sagitta,saiget
sa.'li:.w,/ˈsa.lʲe/,salīua,saile
'sal.t,/ˈsalt/,saltus,salt
'sam.so:n,/ˈsaɱ.so:n/,Samsōn,Samsón
saŋk.ˈta:.ri.,/ˈsaŋk.ta:rʲ/,*sanctārium,sanctáir
'sap.fir,/ˈsa.fʲər/,sapphir,saphir
'sa.ra,/ˈsa.rə/,Sara,Sara
ˈsa.ta.e:l,/ˈsa.θʲəl/,Satahēl,Sathel
ˈsa.tan,/sa.tən/,Satan,satan
sa.'tur.n,/ˈsa.θərn/,*Saturnus,satharn
sa.ˈtur.n,/ˈsa.durn/,Saturnus,Saturn
ˈsa.u:l,/sawl/,Saūl,Saul
'ski:.pi.o:,/ˈʃkʲip/,Scīpiō,Scip
'sko:.b,/ˈskuəb/,scōpa,scúap
sko:.'ba:.ri.,/ˈʃkʲi.bəl/,scōpārium,scioból
'skri:.b,/ˈʃkʲrʲi:.vəðʲ/,scrībō,scríb\aid
skri:.'ben.d,/ˈʃkʲrʲi:.vʲənd/,scrībendum,scríbend
'skri.bl,/ˈʃkʲrʲe.bul/,*scriplus,screpul
ˈskrib.tr,/ˈʃkʲrʲep.tər/,*scriptra,screptar
skri:p.'tu:.r,/ˈʃkʲrʲip.turʲ/,scrīptūra,scriptuir
'skru:.pu.l,/ˈskru.vəl/,scrūpulus,scrubl
'skru:.t,/ˈskru:.dəðʲ/,scrūtor,scrút\aid
skru:.'ti.ni.,/ˈskru:.dən/,scrūtinium,scrútan
se.'ka:.le,/ˈʃe.gəl/,secāle,secal
se.ˈkun.dˈab.ba:,/ˈʃek.nəb/,secundus abbās,secndap
se.'kun.di.,/ˈʃek.ne/,Secundius,Secnde
se.kun.'di:.n,/ˈʃex.nəL/,Secundīnus,Sechnall
se:.kre:.t,/ˈʃe.gʲrʲe:dʲ/,sēkrētus,seicréit
'se.me.i:,/ˈʃe.ɱʲe.i/,Semeī,Semei
'se.na.tor,/ˈʃe.nə.do:rʲ/,senator,senatóir
'se:n.s,/ˈʃe:ʃ/,sēnsus,séis
ˈse:n.s,/ˈʃiəns/,sēnsus,síans
sep.tem,/ˈʃep.tʲi.e:n/,septem,Septién
sep.ti.'ma:.n,/ˈʃext.ɱən/,septimāna,sechtmon
'se.ra.fi:n,/ˈʃe.ru.pʲi:n/,seraphīn,Serupín
'ser.gi.,/ˈʃe.rʲə.ga:n/,Sergius,Sericán
'ses.t,/ˈʃest/,*sesta,sest
ses.'ta:.ri.,/ˈʃe.sre/,*sestārius,sesrae
'se:t,/ˈʃe:θ/,Sēth,Séth
si.'ki.li.,/ˈʃi.kʲəl.de/,Sicilia,Sicel\de
si.'gil.l,/ˈʃi.ɣʲlʲə.θʲe/,sigilla,sigl\ithe
ˈsiŋ.n,/ˈʃe:n/,signum,sén 1
ˈsi.mo:n,/ˈʃi.ɱo:n/,Simōn,Simón
'si.on,/ˈʃi.o:n/,Sion,Sïón
ˈsi:.tu.l,/ˈʃi:.θəl/,*sītula,síthal
'so:.kra.t,/ˈso.gra:dʲ/,Sōcratēs,Socráit
'so.do.m,/ˈso.ðəɱ/,Sodoma,Sodaim
ˈso.l,/ˈsol/,solum,sol
sol.ˈlem.ne,/ˈso.Lu.mun/,sollemne,sollummun
'so.lo.mo:n,/ˈso.ləɱ/,Solomōn,Solam 2
'so.n,/ˈson/,sonus,son 1
so:s.te.ne:s,/sus.tə.nʲəs/,Sōsthenēs,Susthenes
'spe:.ku.l,/ˈʃpʲe:.glə/,*spēcula,spécla
spi.'ra.ku.l,/ˈʃpʲi.rə.gul/,spiraculum,spiracul
spir.'ta:.l,/ˈʃpʲir.ta:l.de/,*spirtālis,spirtál\de
'spir.tu,/ˈʃpʲiwrt/,*spirtus,spiurt
'staŋ.n,/ˈsta:n/,stagnum,stán
'ste.pa.n,/ˈʃtʲe.fa:n/,Stephānus,Stephán
ˈsto.ri.,/ˈstorʲ/,*storia,stoir
stra:.t,/ˈsra:dʲ/,strāta,sráit
stra.'tu:.r,/ˈsra.θər/,*stratūra,srathar
'stup.p,/ˈsop/,stuppa,sopp
'su:.a.wis,/ˈsuə.vəʃ/,*sūauis,súabais
'su:.k,/ˈsu:ɣ/,*sūcus,súg
su.ber.la:.'ti:.w,/ˈsu.ber.lədʲ/,superlātīuus,superlait
'sil.la.b,/ˈʃi.Ləv/,syllaba,sillab
'sim.ma.k,/ˈʃi.məx/,Symmachus,Simmach
'si.no.d,/ˈʃe.nəð/,synodus,senad 1
'si.r,/ˈʃer/,Syrus,ser
ta.bel.l,/ˈta.vəL/,tabella,taball
ta.bel.'la:.ri.,/ˈta.vlə.rʲe/,tabellārius,tablaire
'ta:.bu.l,/ˈta:.vəL/,*tābula,táball
ta.ˈlen.t,/ˈta.Lənd/,talentum,talland
tar.'se:n.s,/ˈtar.sən.de/,tarsēnsis,tarsen\dae
'te.la.mo:n,/ˈtʲe.lə.ɱo:n.de/,Telamōn,telamón\de
ˈtem.pl,/ˈtʲem.pul/,templum,tempul
ˈter.ti.,/ˈtʲert/,tertia,tert
'tes.t,/ˈtʲeʃtʲ/,testis,teist
tes.ti.'mo:.ni.,/ˈtʲe.ʃtʲə.ɱʲənʲ/,testimōnium,teistimin
'ta.bor,/ˈta.vo:r/,Thabor,Tabór
'te:.k,/ˈtʲiəɣ/,thēca,tíag
te.'o.ri.,/ˈtʲe.orʲ/',theoria,teöir
ˈte:.s,/ˈtʲe:ʃ/,*thēsis,téis
'to.ma:s,/ˈto.ɱa:s/,Thomās,Tomás
ˈtu:s,/ˈtu:s/,thūs,tús
'ti:.m,/ˈtʲi:ɱ/,*thȳmum,tím
ti:.ˈbur.t,/ˈtʲi.vur.tə.ðʲe/,Tīburtus,tiburt\ide
ti.'mo.te.,/ˈtʲiəɱ.θe/,Timotheus,Tíamthe
'ti.t,/ˈtʲid/,Titus,Tit
'ti.tu.l,/ˈtʲi.dəl/,titulus,titul
'to.n,/ˈto:nʲ/,*tōnus,tóin
to:.t,/ˈtod/,tōtus,tot
'trak.t,/ˈtra:x.təðʲ/,tractō,trácht\aid
ˈtra:ns.tr,/ˈtrost/,trānstrum,trost
'tri.b,/ˈtʲrʲiwv/,tribus,triub
tri.'bla:.ti.o:,/ˈtʲrʲe.vlədʲ/,*triblātiō,treblait
tri.'bu:.n,/ˈtʲrʲe.vəN/,tribūnus,trebunn
tri.'da:.n,/ˈtʲrʲe.ðən/,*tridāna,tredan
tri:.n.'da:t,/ˈtʲrʲi:n.do:dʲ/,trīndātem,tríndóit
'tro:.j,/ˈtroj/,Trōia,Troí
tro:.ˈja:.n,/ˈtroj.an.de/,trōiānus,troían\dae
'tro.b,/ˈtrob/,tropus,trop
'tu.b,/ˈtov/,tuba,tob
ˈtu.ni.k,/ˈtu.nʲəx/,tunica,tuinech
'tim.pa.n,/ˈtʲim.pa:n/,tympanum,timpán
tir.'re:.n,/ˈte.Rʲe:nʲ,Tyrrhēnus,Terriéin
'wa.gi:.n,/ˈfa.ɣʲən/,*uagīna,faigen
wa.'len.ti.,/ˈfa:lʲ.tʲe/,ualentia,fáilte
'we.gli.,/ˈfʲe:lʲ/,*ueglia,féil
'we:.l,/ˈfʲiəl/,uēlum,fíal 2
we:.ro:.ˈne:n.s,/ˈfʲe.rə.nʲən.ste/,uērōnēnsis,ueronens\tae
'wer.su,/ˈfʲers/,uersus,fers
wes.pa.si.ˈa:.n,/ˈfʲe.spə.ʃiən/,Uespasiānus,Uespisían
'wes.per,/ˈfʲe.skər/,uesper,fescor
ˈwe.te.rˈle.g,/ˈfʲe.dər.ləgʲ/,(in) uetere lege,fetarlaic
'wi:.k,/ˈfʲi:x/,uīcus,fích
wi.'gi.l,/ˈfʲi.ɣʲəL/,uigilia,figell
'wi:.n,/ˈfʲi:n/,uīnum,fín 1
'wir.tu,/ˈfʲiwrt/,uirtūs,fiurt
'wi:.si.o:,/ˈfʲi:ʃ/,uīsiō,fís
'wi:.si.o:,/ˈfʲi:.ʃiw/,uīsiō,físíu
'wi:.tu.l,/ˈfʲi:.θəl/,*uītulus,fíthal
ˈul.ti.m,/ˈulʲtʲ/,ultima,uilt
u.ˈna:.ri.,/ˈu.na:rʲ/,*unārius,unáir
ˈuŋ.ki.,/ˈuŋ.ge/,uncia,ungae
'uŋ.g,/ˈoŋ.gəðʲ/,ungō,ong\aid
wul.ˈka:.n,/ˈul.ka:n/,Uulcānus,ulcán
wes.per.'ti:.n,/ˈe.spər.tə/,(hōra) uespertīna,esparta
zo.'ro.ba.bel,/ˈsor.və.vʲəl/,Zorobabel,Sorbabel
le:.wi,/lʲew.i/,Lēvi,Leui
ˈski.pu.l,/ˈeʃ.bʲə.kul/,scyphulus,esbicul
ˈke:.b,/'kʲe:b/,cēpa,cép
