Irish Lemma,Irish Phonology,Latin Etymology,Latin Stem,Latin Phonology,,,,,,,
–colbae,/'kol.ve/,columna,column,/ko.'lum.na/,,,,,,,
*cuilenn,/'ku.lʲəN/,culīna,culin,/ku.'li:.na/,,,,,,,
abann,/'a.vəN/,habēna,haben,/ha.'be:.na/,,,,,,,
abb,/'ab/,abbās,abbas,/'ab.ba:s/,,,,,,,
Abél,/'a.vʲe:l/,Abel,Abel,/'a.bel/,,,,,,,
Abimelech,/'a.vʲə.ɱʲə.lʲəx/,Abimelech,Abimelech,/a.'bi.me.lek/,,,,,,,
Abisolon,/'a.vʲə.sə.lən/,Absalon,Absalon,/'ap.sa.lon/,,,,,,,
Abrache,/'a.vra.e/,Ābrahae,abrahae,/'a:.bra.haj/,,,,,,,
Abraham,/'avra.aɱ/,Ābraham,abraham,/'a:.bra.ham/,,,,,,,
Abram,/'a.vrəɱ/,Ābram,abr,/'a:.bram/,,,,,,,
abstanait,/'av.stə.nədʲ/,abstinentia,abstinenti,/ab.sti.'nen.ti.a,,,,,,,
accuis,/'a.kuʃ/,*accāsiō,accasio,/ok.'ka:.si.o:/,,,,,,,
acét,/'a.kʲe:t/,acētum,acet,/a.'ke:.tum/,,,,,,,
Achitofel,/a.xʲə.təfəl/,Achitophel,Achitophel,/a.'ki.to.fel/,,,,,,,
achtáil,/'ax.ta:lʲ/,āctuālis,actual,/a:k.tu.'a:.lis/,,,,,,,
acrision\dae,/'a.kʲrʲə.ʃən.de/,Acrisiōnē,Acrisione,/a.kri.si.'o:.ne:/,,,,,,,
acuit,/'a.gudʲ/,acūtus,acut,/a.'ku:.tus/,,,,,,,
ad·ora,/að.'o.ra/,adōrō,ador,/a.'do:.ro:/,,,,,,,
adaltras,/'a.ðəl.trəs/,adulter,adulter,/a.'dul.ter/,,,,,,,
Ádam,/'a:.ðəɱ/,Ādām,adam,/'a:.da:.m/,,,,,,,
adiacht,/'a.ðʲiəxt/,adiectus,adiect,/ad.'jek.tus/,,,,,,,
Aeneas,/'aj.nʲe.as/,Aenēās,aeneas,/aj.'ne:.a:s/,,,,,,,
aenee\dae,/'aj.nʲe.e.ðe,Aenēās,aene,/aj.'ne:.a:s/,,,,,,,
aër,/'a.er/',āēr,aer,/'a:.e:r/,,,,,,,
afrac\dae,/'a.frək.ðe/,āfricus,afric,/'a:.fri.kus/,,,,,,,
aibis,/'a.vʲəʃ/,abyssus,abiss,/a.'bis.sus/,,,,,,,
aiccend,/'a.kʲənd/,accentus,accent,/ak.'ken.tus/,,,,,,,
aiccidit,/'a.kʲə.ðʲədʲ/,accidentia,accident,/ak.ki.'den.ti.a/,,,,,,,
aille,/'a.Lʲe/,allelūia,alleluia,/al.le.'lu:.ja/,,,,,,,
Aindrea,/'anʲ.dʲrʲa/,Andrēā,andre,/an.'dre:.a:s/,,,,,,,
aíne,/'aj.nʲe/,iāiūnium,iaiunium,/ja:.'ju:.nium/,,,,,,,
aingel,/'aŋʲ.gʲəl/,angelus,angel,/'aŋ.ge.lus/,,,,,,,
ainimm,/'a.nʲəmʲ/,anima,anim,/'a.ni.ma/,,,,,,,
aipgitir,/'abʲ.ɣʲə.dʲərʲ/,abecedārium,abecedari,/a.be.ke.'da:.ri.um/,,,,,,,
aistire,/'a.ʃtʲə.rʲe/,*astiārius,astiarius,/as.ti.'a:.ri.us/,,,,,,,
aistrisc,/'a.ʃtʲrʲəsk/,asterīscus,asterisc,/as.te.'ri:s.kus/,,,,,,,
aitt,/'atʲ/,attat,attat,/'at.tat/,,,,,,,
Alaxander,/a.ləx.sən.dər/,Alexander,alexander,/a.lek.'san.der/,,,,,,,
alfa,/'al.fa/,alpha,alpha,/'al.fa/,,,,,,,
almsan,/'alɱ.sən/,*almōsina,almosina,/al.'mo:.si.na/,,,,,,,
Alpae,/'al.pe/,Alpēs,alp,/'al.pe:s/,,,,,,,
alpan\de,/'al.pən.de/,alpīnus ,alpin,/al.'pi:.nus/,,,,,,,
Alpión,?,altar,,,,,,,,,
altóir,/'al.to:rʲ/,altāre,habacuc,/al.'ta:.re/,,,,,,,
Ambaucuc,/'am.bə.kuk./,Habacuc,amen,/'ha.ba.kuk/,,,,,,,
amein,/'a.ɱənʲ/,āmēn,Ammon,/'a:.me:n/,,,,,,,
Ammon,/'a.mən/,Ammon,improb,/'am.mon/,,,,,,,
amprom,/'am.prəɱ/,improbus,anagoge,/'im.pro.bus/,,,,,,,
anagogien,/'a.nə.ɣə.ɣʲe:n/,anagogē,analogi,/a.'na.go.ge:/,,,,,,,
analach,/'a.nə.ləx/,analogia,ancor,/a.na.'lo.gi.a/,,,,,,,
ancaire,/'aŋ.kə.rʲe/,ancora,antit,/'aŋ.ko.ra/,,,,,,,
andóit,/'an.do:dʲ/,*antitās,Anio,/'an.ti.ta:s/,,,,,,,
Anien,/'a.nʲi.en/,Aniō,Ananias,/'a.ni.o:/,,,,,,,
Annae,/'a.Ne/,Ananiās,antichrist,/a.'na.ni.a:s/,,,,,,,
Antchríst,/'ant.xri:st/,Antichristus,antepaenultim,/an.ti.'kris.tus/,,,,,,,
antepeneuilt,/'an.tʲə.bʲə.nʲulʲtʲ/,antepaenultima,ante,/an.te.paj.'nul.ti.ma/,,,,,,,
antert,/'an.tʲərt/,ante tertiam,terti,/'an.te/+/'ter.ti.am/,,,,,,,
antonán,/'an.tə.na:n/,Antōnius,antoni,/an.'to:.ni.us/,,,,,,,
Apoill,/'a.bəLʲ/',Apollō,apollo,/a.'pol.lo:/,,,,,,,
apostroiph,/'a.bə.strəfʲ/,apostrophus,apostroph,/a.'pos.tro.fus/,,,,,,,
Apréil,/'a.bʲrʲe:lʲ/,Aprīlis ,april,/a.'pri:.lis/,,,,,,,
apstal,/'ab.stəl/,apostolus,apostol,/a.'pos.to.lus/,,,,,,,
Aquil,/'a.kəlʲ/,Aquila,aquil,/'a.kwi.la/,,,,,,,
arab\dae,/'a.rəv.ðe/,Ārabs,arabs,/'a:.raps/,,,,,,,
aracol,/'a.rə.gəl/,*orāclum,oracl,/o.'ra:.klum/,,,,,,,
Aran,/'a.rən/,Aran,Aran,/'a.ran/,,,,,,,
árc,/'a:rk/,arca,arc,/'ar.ka/,,,,,,,
archaingel,/'ar.xəŋʲ.gʲəl/,archangelus,archangel,/ar.'kaŋ.ge.lus,,,,,,,
argumeint,/'ar.gu.ɱʲənʲtʲ/,argūmentum,argument,/ar.gu:.'men.tum/,,,,,,,
Aristotil,/'a.rʲə.stə.təlʲ/,Aristotelēs,Aristoteles,/a.ris.'to.te.le:s/,,,,,,,
arm,/'arm/,arma,arm,/'ar.ma/,,,,,,,
Aron,/'a.rən/,Aarōn,Aaron,/'a.a.ro:n/,,,,,,,
articol,/'arʲ.tʲə.gəl/,articulus,articul,/ar.'ti.ku.lus/,,,,,,,
Asaph,/'a.səf/,Asaph,Asaph,/'a.sap/,,,,,,,
Asar,/'a.sər/,Assyria,assir,/as.'si.ri.a/,,,,,,,
Atac,/'a.tək/,Atticus,attic,/'at.ti.kus/,,,,,,,
atom,/'a.dəɱ/,atomus,atom,/'a.to.mus/,,,,,,,
auctor,/'awx.tər/,auctor,auctor,/'awk.tor/,,,,,,,
augtortás,/'awx.tər.ta:s/,auctōritās,auctoritas,/awk.'to:.ri.ta:s/,,,,,,,
axal,/'ax.səl/,apostolus,apostol,/a.'pos.to.lus/,,,,,,,
Babilón,/'ba.vʲə.lo:n/,Babylōn,babilon,/'ba.bi.lo:n/,,,,,,,
Bachal,/'ba.al/,Baal,baal,/'ba.al/,,,,,,,
bachall,/'ba.xəL/,baculum,bacul,/'ba.ku.lum/,,,,,,,
baislec,/'ba.ʃlək/,basilica,basilic,/ba.'si.li.ka/,,,,,,,
baithes,/'ba.θʲəs/,*batisma,batisma,/ba.'tis.ma/,,,,,,,
Bálam,/'ba:.ləɱ/,Balaam,Balaam,/'ba.la.am/,,,,,,,
balb,/'balb/,balbus,balb,/'bal.bus/,,,,,,,
Baptaist,/'bap.təʃtʲ/,(Iōhannēs) Baptista,baptist,/'bap.tis.ta/,,,,,,,
Barabán,/'ba.rə.va:n/,Barabbās,Barabbas,/ba.'rab.ba:s/,,,,,,,
barbár,/'bar.ba:r/,barbarus,barbar,/'bar.ba.rus/,,,,,,,
bárc,/'ba:rk/,bārca,barc,/'ba:r.ka/,,,,,,,
Barnaip,/'bar.nəbʲ/,Barnabās,Barnabas,/'bar.na.ba:s/,,,,,,,
Barnapán,/'bar.nə.ba:n/,Barnabās,Barnabas,/'bar.na.ba:s/,,,,,,,
béist,/'bʲe:ʃtʲ/,bēstia,besti,/'be:s.ti.a/,,,,,,,
Beithlem,/'bʲe.θʲlʲəɱ/,Bēthlehēmum,Bethlehemum,/be:t.le.'he:.mum/,,,,,,,
Belzefuth,/'bʲel.sə.fuθ/,Beelzebub,Beelzebub,/be.'el.ze.bub/,,,,,,,
bendach\aid,/'bʲen.də.xəðʲ/,benedīcō,benedic,/be.ne.'di:.ko:/,,,,,,,
bendacht,/'bʲen.dəxt/,*bendictiō,bendictio,/ben.'dik.ti.o:/,,,,,,,
Beneamín,/'bʲe.nʲə.ɱʲi:n/,Beniamin,Beniamin,/'ben.ja.min/,,,,,,,
Beor,/'bʲe.or/,Beor,be,/'be.or/,,,,,,,
berens\dae,/'bʲe.rʲən.ste/,beroeēnsis,beroeensis,/be.roj.'e:n.sis/,,,,,,,
Bersabae,/'bʲer.sə.ve/',Bethsabee,Bethsabee,/bet.'sa.be.e/,,,,,,,
Bethel,/'bʲe.θʲəl/,Bethel,Bethel,/'be.tel/,,,,,,,
bethelem\dae,/'bʲe.θʲə.lʲəɱ.ðe/,Bēthlehēmum,Bethlehemum,/be:t.le.'he:.mum/,,,,,,,
biait,/'bʲi.adʲ/,*bēatī,beat,/'be:.a.ti:/,,,,,,,
bináir,/'bʲi.na:rʲ/,*binārius,binari,/bi.'na:.ri.us/,,,,,,,
bissex,/'bʲi.ʃəxs/,bissextus,bissext,/bis.'sek.stus/,,,,,,,
Bordgal,/'bord.ɣəl/,Burdigalia,Burdigalia,/bur.di.'ga.li.a/,,,,,,,
borg,/'borg/,burgus,burg,/'bur.gus/,,,,,,,
braisech,/'bra.ʃəx/,brassica,brassic,/'bras.si.ka/,,,,,,,
Bretain,/'bʲrʲe.tənʲ/,brittōnēs,britton,/brit.'to:.ne:s/,,,,,,,
brongai\de,/'broŋ.gə.ðʲe/,bronchia,bronchi,/'broŋ.ki.a/,,,,,,,
cachtor,/'kax.tər/,captor,captor,/'kap.tor/,,,,,,,
cadch\ach,/'kað.xəx/,cadūcus,caduc,/ka.'du:.kus/,,,,,,,
cailech,/'ka.lʲəx/,calix,calix,/'ka.liks/,,,,,,,
cailech 3,/'ka.lʲəx/,*calīgō,caligo,/ka.'li:.go:/,,,,,,,
caille,/'ka.Lʲe/,pallium,palli,/'pal.li.um/,,,,,,,
caimmse,/'kamʲ.ʃʲe/,camisia,camisi,/ka.'mi.si.a/,,,,,,,
caindel,/'kanʲ.dʲəl/,candēla,candel,/kan.'de:.la/,,,,,,,
caingel,/'kaŋʲ.gʲəl/,cancella,cancell,/kaŋ.'kel.la/,,,,,,,
Caïphas,/'ka.i.fəs/,Caiāphās,Caiaphas,/ka.'ja:.fa:s/,,,,,,,
caiptel,/'kabʲ.dʲəl/,capitulum,capitul,/ka.'pi.tu.lum/,,,,,,,
cair,/'karʲ/,quaere,quaer,/'kwaj.re/,,,,,,,
cairt,/'karʲtʲ/,charta,chart,/'kar.ta/,,,,,,,
cáise,/'ka:.ʃe/,cāseus,case,/'ka:.se.us/,,,,,,,
caisel,/'ka.ʃəl/,*castillum,castillum,/kas.'til.lum/,,,,,,,
caland,/'ka.lənd/,Kalendae,kalend,/ka.'len.daj/,,,,,,,
Cald,/'kald/,Chaldaeus,chaldae,/kal.'daj.us/,,,,,,,
Caleb,/'ka.lʲəv/,?,,,,,,,,,
Calldea,/'kal.de.a/,Chaldaea,chaldae,/kal.'daj.a/,,,,,,,
camall,/'ka.ɱəL/,camellus,camellus,/ka.mel.lus/,,,,,,,
Cana,/'ka.nə/,Cana,can,/ka.na/,,,,,,,
candadas,/'kan.də.ðəs/,candidus,candid,/'kan.di.dus/,,,,,,,
cann,/'kaN/,panna,panna,/'pan.na/,,,,,,,
Cannán,/'ka.Na:n/,Chanaān,chanaan,/'ka.na.a:n/,,,,,,,
cannan\dae ,/'ka.nan.de/,Chanaān,chanaan,/'ka.na.a:n/,,,,,,,
canóin,/'ka.no:nʲ/,canōn,canon,/'ka.no:n/,,,,,,,
caplait,/'ka.blədʲ/,capillātiō,capillatio,/ka.pil.'la:.ti.o:/,,,,,,,
cárachtar,/'ka:.rəx.tər/,*chāracter,character,/ka:.'rak.ter/,,,,,,,
carbuncail,/'kar.buŋ.kəlʲ/,carbunculus,carbuncul,/kar.'buŋ.ku.lus/,,,,,,,
carcar,/'kar.kər/,carcer,carcer,/'kar.ker/,,,,,,,
carmocol,/'kar.ɱə.gəl/,carbunculus,carbuncul,/kar.'buŋ.ku.lus/,,,,,,,
cartóit,/'kar.to:dʲ/,*cartās,cart,/'kar.ta:s/,,,,,,,
casal\dae,/'ka.səl.de/,casula,casul,/'ka.su.la/,,,,,,,
cásc,/'ka:sk/,Pāscha,pasch,/'pa:s.ka/,,,,,,,
Cath,/'kaθ/,?,,,,,
cathaír,/'ka.θaʲrʲ/,cathedra,cathedr,/'ka.te.dra/,,,,,,,
cathchoimn\id,/'kaθ.xəɱʲ.nʲəð/',catēchūmenus,catechumen,/ka.te:.'ku:.me.nus/,,,,,,,
cathlach,/'ka.θləx/,catholicus,catholic,/ka.'to.li.kus/,,,,,,,
Catulán,/'ka.tu.la:n/,Catulus,catul,/'ka.tu.lus/,,,,,,,
cedair,/'kʲe.dərʲ/,cedrus,cedr,/'ke.drus/,,,,,,,
ceilebr\aid,/'kʲe.lʲə.vrəðʲ/,celebrō,celebr,/'ke.le.bro:/,,,,,,,
céir,/'kʲe:rʲ/,cēra,cer,/'ke:.ra/,,,,,,,
ceist,/'kʲeʃtʲ/,quaestiō,quaestio,/'kwajs.ti.o:/,,,,,,,
cengal,/'kʲeŋ.gəl/,*cingla,cingla,/'kiŋ.gla/,,,,,,,
cepp,/'kʲep/,cippus,cipp,/'kip.pus/,,,,,,,
Cer,/'kʲer/,Cȳrus,cir,/'ki:.rus/,,,,,,,
cerchaill,/'kʲer.xəLʲ/,cervīcal,cervical,/ker.'wi:.kal/,,,,,,,
cert,/'kert/,certus,cert,/'ker.tus/,,,,,,,
ces,/'kes/,cista,cist,/'kis.ta/,,,,,,,
Cham,/'xaɱ/,?,,,,,
Cherupín,/'xʲe.ru.fʲi:n/,cherubīn,cherubin,/'ke.ru.bi:n/,,,,,,,
Chus,/'xus/,?,,,,,
cíchanach,/'kʲi:.xə.nəx/,pīpiō,pipi,/'pi:.pi.o:/,,,,,,,
cicht,/'kʲixt/,pictus,pict,/'pik.tus/,,,,,,,
ciclas\tae,/'kʲi.glə.ste/,Cyclasias,Ciclasias,/ki.kla.si.as/,,,,,,,
cicul,/'kʲi.kul/,cyclus,cicl,/'ki.klus/,,,,,,,
cín,/'kʲi:nʲ/,quīna,quin,/'kwi:.na/ ,,,,,,,
cingciges,/'kʲiŋ.kʲə.ɣʲəs/,*quinquāgēsma,quinquagesma,/kwiŋ.kwa:.'ge:s.ma/,,,,,,,
cinteir,/'kʲinʲ.tʲərʲ/,centrum,centr,/'ken.trum/,,,,,,,
Cír,/'kʲi:r/,Cȳrus,cyr,/'ki:.rus/,,,,,,,
Cir\ine,/'kʲi.rʲə.nʲe/,Hierōnymus,hieronim,/hi.e.'ro:.ni.mus/,,,,,,,
circul,/'kʲir.kul/,circulus,circul,/'kir.ku.lus/,,,,,,,
circunflex,/'kʲir.kunʲ.fʲlʲəxs/,circumflexus,circumflex,/kir.kum.'flek.sus/,,,,,,,
Ciric,/'kʲi.rʲək/,Quiricus,Quiricus,/'kwi.ri.kus/,,,,,,,
cís,/'kʲi:s/,*cēsus,caes,/'ke:.sus/,,,,,,,
cland,/'kland/,planta,plant,/'plan.ta/,,,,,,,
clas 2,/'klas/,classis,classis,/'klas.sis/,,,,,,,
clausul,/'klaw.sul/,clausula,clausul,/'klaw.su.la/,,,,,,,
clecht,/'kʲlʲext/,plecta,plect,/'plek.ta/,,,,,,,
cléirech,/'kʲlʲe:.rʲəx/,clēricus,cleric,/'kle:.ri.kus/,,,,,,,
clér,/'kʲlʲe:r/,clērus,cler,/'kle:.rus/,,,,,,,
clúm,/'klu:ɱ/,plūma,plum,/'plu:.ma/,,,,,,,
cnáib,/'kna:vʲ/,cannabis,cannab,/'kan.na.bis/,,,,,,,
coäis,/'kaus/,causa,caus,/'kaw.sa/,,,,,,,
cobais,/'ko.vəʃ/,cōnfessiō,confessio,/ko:n.'fes.si.o:/,,,,,,,
cochall,/'ko.xəL/,cucullus,cucull,/ku.'kul.lus/,,,,,,,
colcaid,/'kol.kəðʲ/,culcita,culcit,/'kul.ki.ta/,,,,,,,
colche\de,/'kol.xə.ðʲe/,Colchis,Colchis,/'kol.kis/,,,,,,,
colchiae,/'kol.xi.e/,Colchis,Colchis,/'kol.kis/,,,,,,,
collandoracht,/'ko.Lən.də.rəxt/,Kalendae,kalend,/ka.'len.daj/,,,,,,,
colt,/'kolt/,pulta,pult,/'pul.ta/,,,,,,,
coltar,/'kol.tər/,cultrum,cultr,/'kul.trum/,,,,,,,
colum,/'ko.luɱ/,columba,columb,/ko.'lum.ba/,,,,,,,
comman,/'ko.mən/,commūniō,communio,/kom.'mu:.ni.o:/,,,,,,,
comparait,/'kom.pə.rədʲ/,comparātīuus,comparatiu,/kom.pa.ra:.'ti:.wus/,,,,,,,
comrar,/'ko.ɱrər/,cumera,cumer,/'ku.me.ra/,,,,,,,
con·secra,/kon.'ʃe.kra/,cōnsecrō,consecr,/ko:n.se.kro:/,,,,,,,
connall,/'ko.NəL/,cannula,cannul,/'kan.nu.la/,,,,,,,
consal,/'kon.səl/,cōnsul,consul,/'ko:n.sul/,,,,,,,
consan,/'kon.sən/,cōnsonus,conson,/'ko:n.so.nus/,,,,,,,
Constantinopol,/'kon.stənʲ.tʲə.nə.bəl/,Cōnstantīnopolis,constantinopolis,/ko:ns.tan.ti:.'no.po.lis/,,,,,,,
contan,/'kon.tən/,contentiō,contentio,/kon.'ten.ti.o:/,,,,,,,
contracht,/'kon.trəxt/,contractus,contract,/kon.'trak.tus/,,,,,,,
corcur,/'kor.kur/,purpura,purpur,/'pur.pu.ra/,,,,,,,
Core,/'ko.re/,?,,,,,
corgus,/'kor.ɣas/,*quarāgēsma,quaragesma,/kwa.ra:.'ge:s.ma/,,,,,,,
Corint,/'ko.rʲənt/,Corinthus,corinth,/ko.'rin.tus/,,,,,,,
Cornil,/'kor.nəlʲ/,Cornēlius,Cornelius,/kor.'ne:.li.us/,,,,,,,
coronn,/'ko.rəN/,corōna,/ko.'ro:.na/,,,,
corp,/'korp/,corpus,corpus,/'kor.pus/,,,,,,,
cosmaid ,/'kos.ɱəðʲ/,cōnsummātiō,consummatio,/ko:n.sum.'ma:.ti.o:/,,,,,,,
Cothrige,/'ko.θrə.ɣʲe/,Patricius,patrici,/pa.'tri.ki.us/,,,,,,,
crapscuil,/'krab.skulʲ/,crepusculum,crepuscul,/kre.'pus.ku.lum/,,,,,,,
créisen,/'kʲrʲe:.ʃən/,christiānus,christian,/kris.ti.'a:.nus/,,,,,,,
creithir,/'kʲrʲe.θʲərʲ/,*creterra,creterr,/kre.'ter.ra/,,,,,,,
Críst,/'kʲrist/,Christus,christ,/'kris.tus/,,,,,,,
croch,/'krox/,crux,crux,/'kruks/,,,,,,,
cróch,/'kro:x/,*crōcus,croc,/'kro:.kus/,,,,,,,
cros,/'kros/,crux,crux,/'kruks/,,,,,,,
crothal,/'kro.θəl/,crotalum,crotal,/'kro.ta.lum/,,,,,,,
crothla,/'kro.θlə/,crotalia,crotal,/kro.'ta.li.a/,,,,,,,
cruimther,/'kruɱʲ.θʲər/,*premiter,premiter,/'pre.mi.ter/,,,,,,,
cúaird,/'ku:ərdʲ/,cohors,cohors,/'ko.hors/,,,,,,,
cúan,/'kuən/,pugnus,pugn,/'puŋ.nus/,,,,,,,
cúb\aid,/'ku:.vəðʲ/,cubō,cub,/'ku.bō/,,,,,,,
cucann,/'ku.gəN/,*cocīna,cocin,/ko.'ki:.na/,,,,,,,
cuchtar,/'kux.tər/,coctūra,coct,/kok.'tu:.ra/,,,,,,,
cuibiter,/'ku.vʲə.dʲər/,cōnfiteor,confit,/ko:n.'fi.te.or/,,,,,,,
cuilche,/'kulʲ.xʲe/,*pelicius,pelic,/pe.'li.ki.a/,,,,,,,
cuirt,/'kurʲtʲ/,curtis,curt,/'kur.tis,,,,,,,
cuithe,/'ku.θʲe/,puteus,pute,/'pu.te.us/,,,,,,,
cúrsag\aid,/'ku:r.sə.ɣəðʲ/,curās agō,cur ag,/'ku.ra:s/+/'a.go:/,,,,,,,
curtín\ad,/'kur.tʲi:.nəð/,curtīna,curtina,/kur.'ti:.na/,,,,,,,
cyb,/'kuv/,cubus,cub,/'ku.bus/,,,,,,,
dactil,/'dax.təlʲ/,dactylus,dactil,/'dak.ti.lus/,,,,,,,
dammain,/'da.mənʲ/,damnātiō,damnatio,/dam.'na:.ti.o:/,,,,,,,
damn\ad,/'daɱ.nəð/,damnō,damn,/'dam.no:/,,,,,,,
Danïél,/'da.nʲi.e:l/,Daniēl,daniel,/'da.ni.e:l/,,,,,,,
dardán\de,/'dar.da:n.de/,Dardānus,Dardanus,/dar.'da:.nus/,,,,,,,
dasian,/'da.ʃi.an/,?,,,,,
Dauid,/'daw.iðʲ/,Dāuīd,/'da:.wi:d/,,,,
deccaid,/'dʲe.kəðʲ/,decās,decas,/'de.ka:s/,,,,,,,
dechon,/'dʲe.xən/,diāconus,diacon,/di.'a:.ko.nus/,,,,,,,
dechtaid,/'dʲex.təðʲ/,dictō,dict,/dik.to:/,,,,,,,
deiprecóit,/'dʲe.bʲrʲə.go:dʲ/,dēprecātiō,deprecatio,/de:.pre.'ka:.ti.o:/,,,,,,,
demon,/'dʲe.ɱən/,daemon,daemon,/'daj.mon/,,,,,,,
derbens\dae,/'dʲer.bən.ste/,derbēnsis,derbensis,/der.'bēn.sis/,,,,,,,
descipul,/'dʲe.ʃkʲə.bul/',discipulus,discipul,/dis.'ki.pu.lus/,,,,,,,
deutornim,/'dʲew.tər.nəɱʲ/,deuteronomium,deuteronomi,/dew.te.ro.'no.mi.um/,,,,,,,
díabul,/'dʲiə.vul/',diabolos,diabol,/di.'a.bo.lus/,,,,,,,
díaithir,/'dʲiə.θʲərʲ/',diameter,diameter,/di.'a.me.ter/,,,,,,,
dialectaicc,/'dʲiə.lʲex.təkʲ/',dialectica,dialectic,/di.a.'lek.ti.ka/,,,,,,,
dictatóir,/'dix.tə.do:rʲ/,dictātōr,dict,/dik.'ta:.to:r/,,,,,,,
digaimm,/'dʲi.ɣəmʲ/',digamma,digamm,/di.'gam.ma/,,,,,,,
dírnae,/'dʲi:r.ne/,dēnārius ,denari,/de:.'na:.ri.us/,,,,,,,
Doeg,/'do.eg/,Doeg,Doeg,/'do.eg/,,,,,,,
domnach,/'doɱ.nəx/,*domnicus,domnic,/dom.'ni.kus/,,,,,,,
dómóir,/'do:.ɱo:rʲ/,duumuir,duumuir,/'du.um.wir/,,,,,,,
drauc,/'drawg/,dracō,draco,/'dra.ko:/,,,,,,,
dupuil,/'du.bulʲ/,duplus,dupl,/'du.plus/,,,,,,,
Ebrae 1,/'e.vre/,Hebraeus,hebrae,/he.'braj.us/,,,,,,,
ebus\tae,/'e.vu.ste/,Iebus,Iebus,/'je.bus/,,,,,,,
ecenocht,/'e.gʲə.nəxt/',aequinoctium,aequinoct,/aj.kwi.'nok.ti.um/,,,,,,,
eclais,/'e.gləʃ/,eclēsia,/e.'kle:.si.a/,,,,
Effraim,/'e.frəmʲ/,?,,,,,
Éigept,/'e:.ɣʲəpt/,Aegyptus,aegipt,/aj.'gip.tus/,,,,,,,
éigept\ach\dae,/'e:.ɣʲəp.təx.ðe/,aegyptiacus,aegiptiac,/aj.gip.'ti.a.kus/,,,,,,,
eipistil,/'e.bʲə.ʃtʲəlʲ/,epistula,epistul,/e.'pis.tu.la/,,,,,,,
Eli,/'e.lʲi/,?,,,,,
elifáint,/'e.lʲə.fa:nʲtʲ/,elephās,elephas,/'e.le.fa:s/,,,,,,,
Eman,/'e.ɱən/,?,,,,,
embleisim,/'emʲ.bʲlʲə.ʃəm/,embolismus,embolism,/em.bo.'lis.mus/,,,,,,,
emilén\dae,/'e.ɱʲəlʲe:nde/,aemiliānus,aemilianus,/aj.mi.li.'a:.nus/,,,,,,,
Endor,/'en.dər/,?,,,,,
ennac,/'e.Nəg/,innocuus,innocu,/in.'no.ku.us/,,,,,,,
Enóc,/'e.no:g/,?,,,,,
eol\dae,/'ewl.de/,Aeolus,Aeolus,/'aj.o.lus/,,,,,,,
eolen\tae,/'ew.lʲən.te/,aeolēnsis,/aj.o.'le:n.sis/,,,,
epacht,/'e.bəxt/,epactae,epactae,/e.'pak.taj/,,,,,,,
Ephes,/'e.fʲəs/,Ephesus,/'e.pe.sus/,,,,
epscop,/'eb.skəb/,*epscopus,epscopus,/'eps.ko.pus/,,,,,,,
eréc\dae,/'e.rʲe:x.ðe/,hērōicus,/he:.'ro:.i.kus/,,,,
eres,/'e.rʲəs/,haeresis,haeresis,/haj.'re.sis/,,,,,,,
eritic,/'e.rʲə.dʲəg/,haereticus,haeretic,/haj.'re.ti.kus/,,,,,,,
esarn,/'e.sərn/,exhibernum,exhibernum,/eks.hi.'ber.num,,,,,,,
Esau,/e.'saw/,Hesau,Hesau,/'he.saw/,,,,,,,
esbicul,/'eʃ.bʲə.kul/,scyphulus,/'ski.pu.lus/,,,,
escmon,/'esk.ɱən/,excommūnicātiō,excommunicatio,/eks.kom.mu:.ni.'ka:.ti.o:/,,,,,,,
escop,/'e.skəb/,escopus,escopus,/es.'ko.pus/,,,,,,,
esparta,/'e.spər.tə/,(hōra) vespertīna,vespertin,/wes.per.'ti:.na/,,,,,,,
Éssu,/e:.su/,Esau,Esau,/'e.saw/,,,,,,,
Ésu,/'e:.su/,?,,,,,
Etáil,/'e.da:lʲ/,italia,/i.'ta.li.a/,,,,
Ethioip,/'e.θʲəbʲ/,Aethiopia,aethiopi,/aj.ti.'o.pi.a/,,,,,,,
Eufrat\ide,/'e.frə.dʲə.ðʲe/,Ephrataeus,Ephrataeus,/e.'fra.taj.us/,,,,,,,
exarcist\id,/'ex.sər.kə.stəðʲ/,exorcistus,/ek.'sor.kis.tus/,,,,
except\aid,/'ex.skəp.təðʲ/',exceptus,except,/ek.'skep.tus/,,,,,,,
Ezechial,?,,,,,
faigen,/'fa.ɣʲən/,*uagīna,uagin,/'wa.gi:.na/,,,,,,,
fáilte,/'fa:lʲ.tʲe/,ualentia,ualent,/wa.'len.ti.a/,,,,,,,
Farao,/'fa.ra.o/,?,,,,,
fátal,/'fa:.dəl/,fatāle,fatal,/fa.'ta:.le/,,,,,,,
Febra,/'fʲe.vrə/,*febrārius,febrarius,/fe.'bra:.ri.us/,,,,,,,
féil,/'fʲe:lʲ/,*ueglia,ueglia,/'we.gli.a/,,,,,,,
feimen 1,/'fʲe.ɱʲən/,fēminīnus,feminin,/fe:.mi.'ni:.num/,,,,,,,
felsub,/'fʲel.suv/,philosophus,philosoph,/fi.'lo.so.fus/,,,,,,,
féróil,/'fʲe:.ro:lʲ/,fēriālis,ferial,/fe:.ri.'a:.lis/,,,,,,,
fers,/'fʲers/,uersus,uers,/'wer.sus/,,,,,,,
fescor,/'fʲe.skər/,uesper,uesper,/'wes.per/,,,,,,,
fetarlaic,/'fʲe.dər.ləgʲ/,(in) uetere lege,uet leg,/'we.te.re/+/'le.ge/,,,,,,,
Fetont\ide,/'fʲe.tən.tə.ðʲe/,Phaëthontias,/fa.e.'ton.ti.as/,,,,
fíal 2,/'fʲiəl/,uēlum,uel,/'we:.lum/,,,,,,,
fích,/'fʲi:x/,uīcus,uic,/'wi:.kus/,,,,,,,
fícul\dae,/'fʲi:.gul.de/,fīcula,ficula,/'fi:.ku.la/,,,,,,,
figell,/'fʲi.ɣʲəL/,uigilia,uigil,/wi.'gi.li.a/,,,,,,,
figor,/'fʲi.ɣər/,figūra,figur,/'fi:.gu:.ra/,,,,,,,
Filistín,/'fʲi.lʲə.ʃtʲi:n/,?,,,,,
fín 1,/'fʲi:n/,uīnum,uin,/'wi:.num/,,,,,,,
firmint,/'fʲirʲ.mʲənʲtʲ/,firmāmentum,firmament,/fir.ma:.'men.tum/,,,,,,,
fís,/'fʲi:ʃ/,uīsiō,uisio,/'wi:.si.o:/,,,,,,,
físíu,/'fʲi:.ʃiw/,uīsiō,uisio,/'wi:.si.o:/,,,,,,,
fíthal,/'fʲi:.θəl/,*uītulus,uitul,/'wi:.tu.lus/,,,,,,,
fiurt,/'fʲiwrt/,uirtus,uirtus,/'wir.tus/,,,,,,,
Flistim,/'fʲli.ʃtʲəm/,Philisthim,Philisthim,/fi.'lis.tim/,,,,,,,
foirm,/'forʲmʲ/,fōrma,/'fo:r.ma/,,,,
Gabón,/'ga.vo:n/,?,,,,,
Gabrél,/'ga.vʲrʲe:l/,?,,,,,
Galail,/'ga.ləlʲ/,Galīlaea,galilae,/ga.li:.'laj.a/,,,,,,,
Galat,/'ga.ləd/,Galatae,galilae,/'ga.la.taj/,,,,,,,
Gall 1,/'gaL/,Gallus,Galatae,/'gal.lus/,,,,,,,
Gargán,/'gar.ga:n/,Gargānus,Garganus,/gar.'ga:.nus/,,,,,,,
geint\i,/'gʲenʲ.tʲi/,gentēs,/'gen.te:s/,,,,
genelach,/'gʲe.nʲə.ləx/,geneālogia,genealogi,/ge.ne.a:.'lo.gi.a/,,,,,,,
genitiu,/'gʲe.nʲə.dʲiw/,*genitiō,genitio,/ge.'ni.ti.o:/,,,,,,,
gentl\ide,/'gʲe.nʲ.tʲlʲə.ðʲe/,gentilis,gentil,/'gen.ti.lis/,,,,,,,
gerind,/'gʲe.rəndʲ/,gerundium,gerundi,/ge.'run.di.um/,,,,,,,
Giürge,/'gʲi.ur.ge/,?,,,,,
glaine 3,/'gla.nʲe/,glandium,gland,/'glan.di.um/,,,,,,,
gliger\nat,/'glʲi.ɣʲər.nəd/,Glycerium,Glicerium,/gli.'ke.ri.um/,,,,,,,
glúas,/'gluəs/,glōsa,/'glo:.sa/,,,,
grád 1,/'gra:ð/,*grādus,grad,/gra:.dus/,,,,,,,
graif 3,/'grafʲ/,grauis ,grau,/gra.wis/,,,,,,,
grammataicc,/'gra.mə.dəkʲ/,grammatica,grammatic,/gram.'ma.ti.ka/,,,,,,,
gréc 1,/'gre:g/,*grēcus,grec,/'gre:.kus/,,,,,,,
gríb,/'gʲrʲi:v/,grȳphus,griph,/'gri:.fus/,,,,,,,
Heremias,/'e.rʲə.ɱi.as/,?,,,,,
Heróid,/'e.ro:ðʲ/,Hērōdēs,herodes,/he:.'ro:.de:s/,,,,,,,
Iäcob,/'i.a.kəv/,?,,,,,
íadum\dae,/'iə.ðuɱ.ðe/,Idumaea,Idumaea,/i.du.'maj.a/,,,,,,,
idan,/'i.ðən/,idōneus,idone,/i.'do:.ne.us/,,,,,,,
ídol,/'i:.ðəl/,īdōlum,idol,/i:.'do:.lum/,,,,,,,
Ienar,/'je.nər/,*ienārius,ienarius,/je.'na:.ri.us/,,,,,,,
Iëse 1,/'i.e.ʃe/,?,,,,,
Iessu,/'ʲe.su/,Iesua,Iesua,/'je.su.a/,,,,,,,
ifern,/'i.fʲərn/,*ifernum,/i:.'fer.nus/,,,,
ilec\de,/'i.lʲəx.ðe,īlex,ilex,/'i:.leks/,,,,,,,
ilign\ide,/'i.lʲəɣ.nʲə.ðʲe/,īlignus,ilign,/'i:.liŋ.nus/,,,,,,,
ímáig,/'i:.ɱa:ɣʲ/,*īmāgō,imago,/i:.'ma:.go:/,,,,,,,
inach\dae,/'i.nəx.ðe/,Inachus,Inachus,/'i.na.kus/,,,,,,,
indecht,/'in.dʲəxt/,indictiō,/in.'dik.ti.o:/,,,,
infinit,/'inʲ.fʲə.nʲədʲ/,infīnītum,infinit,/in.fi:.'ni:.tum/,,,,,,,
ingor 1,/'iŋ.gər/,ancora,ancor,/'aŋ.ko.ra/,,,,,,,
inscríbend,/'inʲ.ʃkʲrʲi:.vʲənd/,īnscrībendum,inscrib,/i:n.skri:.'ben.dum/,,,,,,,
interiecht,/'inʲ.tʲə.rʲəxt/,interiectiō,interiectio,/in.ter.'jek.ti.o:,,,,,,,
intinn,/'inʲ.tʲəN/,intentiō,intentio,/in.ten.ti.o:/,,,,,,,
intliucht,/'inʲ.tʲluxt/,intellectus,intellect,/in.tel.'lek.tus/,,,,,,,
Ioäb,/'jo.av/,Ioab,Ioab,/jo.ab/,,,,,,,
Iób,/'jo:v/,Iōb,/jo:b/,,,,
Iohain,/'jo.anʲ/,Iōannēs,ioannes,/jo:.'an.ne:s/,,,,,,,
Ionathan,/'jo.na.θan/,Ionathān,Ionathan,/'jo.na.ta:n/,,,,,,,
Iordanén,/'jor.da.nʲe:n/,Iordanēs,/'jor.da.ne:s/,,,,
Ioseph,/'jo.ʃiəv/,Iōsēphus,Iosephus,/jo:.'se:.fus/,,,,,,,
íróin,/'i:.ro:nʲ/,īrōnīa,/i:.ro:.'ni:.a/,,,,
Iruphín,/i.ru.fʲi:n/,cherubīn,cherubin,/'ke.ru.bi:n/,,,,,,,
Irusalem,/'i.ru.sə.lʲəɱ/,Heryosolyma,Heryosolyma,/he.ri.o.'so.li.ma/,,,,,,,
Isáac,/'i.sa.ak/,Isaāc ,/'i.sa.a:k/,,,,
Ismaíl,/'i.smajl/,Ismael,Ismael,/'is.majl/,,,,,,,
Israël,/'i.sra.el/',Isrāēl,/is.'ra:.e:l/,,,,
Ísu,/'i:.su/,Iēsus,ies,/'je:.sus/,,,,,,,
Iuda,/'ju:.ða/',Iūdās,iud,/ju:da:s/,,,,,,,
Iúdaei,/'ju:.ðe.i/',Iūdaeus,iudae,/ju:.'daj.us/,,,,,,,
Iudas,/'ju:.ðəs/',Iūdās,iud,/ju:da:s/,,,,,,,
Iudé,?,,,,,
iúil,/'ju:lʲ/,Iūlius,iuli,/'ju:.li.us/,,,,,,,
láech,/'lajx/,lāicus,laic,/'la:.i.kus/,,,,,,,
Laiten,/'la.dʲən/,Latīna,latin,/la.'ti:.na/,,,,,,,
lann,/'laN/,lāmina,lamin,/'la:.mi.na/,,,,,,,
lart,/'lart/,Lār,lar,/'la:r/,,,,,,,
later,/'la.tʲər/,later,later,/'la.ter/,,,,,,,
Latin,/'la.dʲən/,Latīnus,latin,/la.'ti:.nus/,,,,,,,
latrann,/'la.drəN/,latrō,latr,/'la.tro:/,,,,,,,
lauren\tide,/'law.rʲən.tə.ðʲe,Laurentium,laurenti,/law.'ren.ti.um/,,,,,,,
lax,/'laxs/,laxus,lax,/'lak.sus/,,,,,,,
Lebedán,/'lʲe.vʲə.ða:n/,Leviāthan,leviathan,/le.wi.'a:.tan/,,,,,,,
lebor,/'lʲe.vər/,liber,lib,/'li.ber/,,,,,,,
lecet,/'lʲe.gʲəd/,licet,lic,/'li.ket/,,,,,,,
lechd\aig\the,/'lʲex.ðəɣʲ.θʲe/,liquidus,liquid,/'li.kwi.dus/,,,,,,,
lég\aid,/'lʲe:.ɣəðʲ/,legō,leg,/'le.go:/,,,,,,,
léigend,/'lʲe:.ɣʲənd/,legendum,legend,/le.'gen.dum/,,,,,,,
leigeón,legiō,legio,/'le.gi.o:/,,,,
léigeón,legiō,legio,/'le.gi.o:/,,,,
leo,/'lʲew/,leō,leo,/'le.o:/,,,,,,,
leuan,/lʲew.an/,Libanus,Libanus,/'li.ba.nus/,,,,,,,
Leui,/lʲew.i/,Lēvi,/le:.wi/,,,,
Leuite,Lēvītēs,Levites,/le:.wi:.te:s/,,,,
ligor\dae,/'lʲi.ɣər.ðe/,Ligurēs,/'li.gu.re:s/,,,,
lín\dae,/'lʲi:n.de/,līnum,lin,/'li:.num/,,,,,,,
lín\ech,/'lʲi:.nʲəx/,līnea,line,/'li:.ne.a/,,,,,,,
litán,/'lʲi.da:n/,litania,litani,/li.'ta.ni.a/,,,,,,,
líth,/'lʲi:θ/,lītus,lit,/'li:.tus/,,,,,,,
litter,/'lʲi.tʲər/,littera,litter,/'lit.te.ra/,,,,,,,
loc,/l'og/,locus,loc,/'lo.kus/,,,,,,,
lócharn,/'lo:.xərn/,*lūcerna,lucern,/lu:.'ker.na/,,,,,,,
long 1,/'loŋ/,(nāvis) longa,long,/'loŋ.ga/,,,,,,,
lubair,/'lu.vərʲ/,labōrem,labor,/la.'bo:.rem/,,,,,,,
Lucas,/lu.kəs/,Lucas,luc,/'lu.kas/,,,,,,,
Lucifer,/lu.kʲə.fʲər/,lūcifer,lucifer,/'lu:.ki.fer/,,,,,,,
lúirech,/'lu:.rəx/,lōrīca,loric,/lo:.'ri:.ka/,,,,,,,
lunáir,/'lu.na:rʲ/,*lunāris,lun,/lu.'na:.ris/,,,,,,,
Maccidón\dae,/'ma.kʲə.ðo:n.de/,Macedonia,macedoni,/ma.ke.'do.ni.a/,,,,,,,
machab\dae,/'ma.xəv.ðe/,Maccabaeus,Maccabaeus,/mak.ka.'baj.us/,,,,,,,
Machabae,/'ma.xə.ve/,Maccabaeus,/mak.ka.'baj.us/,,,,
máchaill,/'ma:.xəLʲ/,macula,macul,/'ma.ku.la/,,,,,,,
macrae,/'ma.gre/,maceria,maceri,/ma.'ke.ri.a/,,,,,,,
Madian,/'ma.ðʲən/,?,,,,,
maigister,/'ma.ɣʲə.ʃtʲər/,magister,magister,/ma.'gis.ter/,,,,,,,
mainche,/'manʲ.xʲe/,*manachīum,manachium,/ma.na.'ki:.um/,,,,,,,
máinia,/'ma:.nʲə/,mania,mani,/'ma.ni.a/,,,,,,,
Maire,/'ma.rʲe/,Marīa,mar,/ma.'ri:.a/,,,,,,,
mairt,/'marʲtʲ/,mārs,mars,/ma:rs/,,,,,,,
maldach\aid,/'mal.də.xəðʲ/,*maldīcō,maldico,/mal.'di:.ko:/,,,,,,,
maldacht,/'mal.dəxt/,*maldictiō,maldictio,/mal.'dik.ti.o:/,,,,,,,
manach,/'ma.nəx/,*manachus,manachus,/'ma.na.kus/,,,,,,,
mann,/'maN/,manna,mann,/'man.na/,,,,,,,
Mannese,/ma.Nʲə.ʃe/,Manassēs,manass,/ma.'nas.se:s/,,,,,,,
Marc,/'mark/,Mārcus,marc,/'ma:r.kus/,,,,,,,
Marcill,/'mar.kəLʲ/,Mārcellus,Marcellus,/ma:r.'kel.lus/,,,,,,,
margan,/'mar.gən/,margō,/'mar.go:/,,,,
margarét,/'mar.gə.rʲe:d/,margarīta,margarit,/mar.ga.'ri:.ta/,,,,,,,
Maria,/ma'rʲi.a/,Marīa,/ma.'ri:.a/,,,,
marmar,/'mar.mər/,marmor,marmor,/'mar.mor/,,,,,,,
Mart,/'mart/,Martis,mart,/'mar.tis/,,,,,,,
martar,/'mar.tər/,martyr,martir,/'mar.tir/,,,,,,,
mascul,/'ma.skul/,masculus,mascul,/'mas.ku.lus/,,,,,,,
masculin\dae,/'ma.sku.lʲən.de/,masculīnus,masculin,/mas.ku.'li:.nus/,,,,,,,
mass,/'mas/,massa,mass,/'mas.sa/,,,,,,,
matan,/'ma.dən/,(hōra) matīna,matina,/ma'ti:.na/,,,,,,,
Mathae,/'ma.θe/,?,,,,,
mebuir,/'mʲe.vurʲ/,memoria,memor,/me.'mo.ri.a/,,,,,,,
Med 2,/'mʲeð/,Mēdus,Medus,/'me:.dus/,,,,,,,
meirdrech,/'mʲerʲ.dʲrʲəx/,meretrix,/'me.re.triks/,,,,
Melchisedech,/'mʲel.kə.ʃə.ðʲəx/,Melchisedech,Melchisedech,/mel.'ki.se.dek/,,,,,,,
membrumm,/'mʲem.brum/,membrum,/'mem.brum/,,,,
memmrae,/'mʲe.mre/,memoria,memor,/me.'mo.ri.a/,,,,,,,
MercUir,/'mʲer.kurʲ/,Mercurius,mercuri,/mer.'ku.ri.us/,,,,,,,
messar,/'mʲe.sər/,*mesūra,mesur,/me.'su:.ra/,,,,,,,
metar 1,/'mʲe.dər/,metrum,metr,/'me.trum/,,,,,,,
metrapoil,/'me.drə.bəlʲ/,mētropolis,metropolis,/me:.'tro.po.lis/,,,,,,,
Míchél,/'mʲi:.xʲe:l/,Michaēl,Michael,/'mi.ka.e:l/,,,,,,,
midach,/'mʲi.ðəx/,medicus,/'me.di.kus/,,,,
míl 2,/'mʲi:l/,mīles,miles,/'mi:.les/,,,,,,,
míle,/'mʲi:.lʲe/,mīlia,mili,/'mi:.li.a/,,,,,,,
min 1,/'mʲin/,mīnus,minus,/'mi:.nus/,,,,,,,
mindech,/'mʲinʲ.dʲəx/,mendīcus,mendic,/men.'di:.kus/,,,,,,,
mírbail,/'mʲi:r.vəlʲ/,mīrābilis,mirabil,/mi:.'ra:.bi.lis/,,,,,,,
mirt–chaill,/'mʲirt/,myrtus,mirt,/'mir.tus/,,,,,,,
Moab,/'mo.av/',Mōab,Moab,/'mo:.ab/,,,,,,,
mocol,/'mo.gəl/,macula,/'ma.ku.la/,,,,
mod,/'moð/,modus,mod,/'mo.dus/,,,,,,,
moinistir,/'mo.nʲə.ʃtʲərʲ/,monasterium,monasteri,/mo.nas.'te.ri.um/,,,,,,,
moirtchenn,/'morʲtʲ.xʲəN/,morticinium,morticinium,/mor.ti.'ki.ni.um/,,,,,,,
monad,/'mo.nəð/,monēta,monet,/mo.'ne:.ta/,,,,,,,
morálus,/'mo.ra:.lus/,*morālis,moral,/mo:.'ra:.lis/,,,,,,,
Mordochei,/'mor.də.xʲe.i/,Mardocheus,Mardocheus,/mar.'do.ke.us/,,,,,,,
mortlaith,/'mor.tləθʲ/,mortālitās,/mor'ta:.li.ta:s,,,,
Moisi,/'mo.i.ʃi/,Mō̆ȳsēs,/mo.'i:.se:s/,,,,
muide,/'mu.ðʲe/,modius,modi,/'mo.di.us/,,,,,,,
muilenn,/'mu.lʲəN/,molīna,molin,/mo.'li:.na/,,,,,,,
muinter,/'munʲ.tʲər/,monasterium,monasteri,/mo.nas.'te.ri.um/,,,,,,,
múl,/'mu:l/,mūlus,mul,/'mu:.lus/,,,,,,,
múr,/'mu:r/,mūrus,mur,/'mu:.rus/,,,,,,,
mút,/'mu:t/,mūtus,mut,/'mu:.tus/,,,,,,,
Nabcodon,/'nav.kə.ðən/,Nabuchodonosor,Nabuchodonosor,/na.bu.ko.'do.no.sor/,,,,,,,
Nabcodonozor,/'nav.kə.ðə.nə.sər/,Nabuchodonosor,/na.bu.ko.'do.no.sor/,,,,
Nathan,/'na.θən/,Nathan,Nathan,/'na.tan/,,,,,,,
neutur,/'nʲew.dur/,neutrum,/'new.trum/,,,,
neuturál\dae ,/'nʲew.du.ra:l.de/,neutrālis,neutralis,/new.'tra:.lis/,,,,,,,
nihelas,/'nʲi.e.ləs/',nihil,/'ni.hil/,,,,
Nóë,/'no.e/,Nōē,Noe,/'no:.e:/,,,,,,,
nón,/'no:n/,nōna,/'no:.na/,,,,
not,/'nod/,nota,not,/'no.ta/,,,,,,,
nothath,/'no.θəθ/,nothus,noth,/'no.tus/,,,,,,,
notlaic,/'no.dləgʲ/,*natālicius,natalici,/na.ta:.'li.ki.us/,,,,,,,
nuimir ,/'nu.ɱʲərʲ/,numerus,numer,/'nu.me.rus/,,,,,,,
Nun,/'nun/,Nun,nun,/'nun/,,,,,,,
obel,/'o.vʲəl/,obelus,obel,/'o.be.lus/,,,,,,,
oblae,/'ov.le/,oblāta,oblat,/ob.'la:.ta/,,,,,,,
ochra,/'o.xrə/,ocreae,ocre,/'o.kre.aj/,,,,,,,
ochsal,/'ox.səl/,axilla,axill,/ak.'sil.la/,,,,,,,
Ochtimbir,/'ox.təmʲ.bʲərʲ/,*octember ,octember,/ok.'tem.ber/,,,,,,,
oifrend,/'o.fʲrʲənd/,offerendum,offer,/of.fe.'ren.dum/,,,,,,,
oirdn\id,/'orʲdʲ.nʲəðʲ/,ordinō,ordin,/'or.di.no:/,,,,,,,
oirgl\ech,/'orʲ.gʲlʲəx/',*orāclum,oracl,/o.'ra:.klum/,,,,,,,
olae,/'o.le/,oleum,ole,/o.'le.um/,,,,,,,
ong\aid,/'oŋ.gəðʲ/,ungō,ung,/'uŋ.go:/,,,,,,,
onóir,/'o.no:rʲ/,honor,honor,/'ho.nor/,,,,,,,
opar,/'o.bər/,opera,oper,/'o.pe.ra/,,,,,,,
optait,/'ob.tədʲ/,optātīuus,optatiuus,/op.ta:.'ti:.wus/,,,,,,,
ór,/'o:r/,hōra,hor,/'ho:.ra/,,,,,,,
ór 1,/'o:r/,aurum,aur,/'aw.rum/,,,,,,,
oratian\dae,/'o.rə.tʲən.de/,horatiānus,horatianus,/ho.ra.ti.'a:.nus/,,,,,,,
ord 1,/'ord/,ōrdō,ordo,/'o:r.do:/,,,,,,,
ordan,/'or.dən/,ōrdō,ordo,/'o:r.do:/,,,,,,,
orgán,/'or.ga:n/,organum,organ,/'or.ga.num/,,,,,,,
Orient,/'o.rʲi.ent,oriēns,ori,/'o.ri.e:ns/,,,,,,,
oróit,/'o.ro:dʲ/,*orātiō,oratio,/o.'ra:.ti.o:/,,,,,,,
ortha,/'or.θə/,*orātiō,oratio,/o.'ra:.ti.o:/,,,,,,,
Ossæ,/'o.se/,Hosea,Hosea,/'ho.se.a/,,,,,,,
pács,/'pa:ks/,pāx,/pa:ks/,,,,
pairche,/'parʲ.xʲe/,paruchia,paruchia,/pa.'ru.ki.a/,,,,,,,
pairt,/'parʲtʲ/,pars,/'pars/,,,,
paiter,/'pa.dʲər/,pater,pater,/'pa.ter/,,,,,,,
Palastina,/'pa.lə.ʃtʲə.na/,Palaestīna,Palaestina,/pa.lajs.'ti:.na/,,,,,,,
palnac\de,/'pal.nəx.ðe/,pallacīnus,/pal.la.'ki:.nus/,,,,
Pan,/'pan/,?,,,,,
parabail,/'pa.rə.vəlʲ/,parabola,parabol,/pa.'ra.bo.la/,,,,,,,
parbail,/'par.vəlʲ/,parabola,parabol,/pa.'ra.bo.la/,,,,,,,
Pardas,/'par.dəs/,paradīsus,paradis,/pa.ra.'di:.sus/,,,,,,,
passer,/'pa.ʃər/,passer,passer,/'pas.ser/,,,,,,,
Pátric,/'pa.drəgʲ/,*Pātricius,patrici,/pa.'tri.ki.us/,,,,,,,
peccath,/'pʲ.ekəθ/,peccātum,peccat,/pek.'ka:.tum/,,,,,,,
pél\ech\dae,/'pʲe:.lʲəx.ðe/,Peleus,Peleus,/pe.'le.us/,,,,,,,
pén,/'pʲen/,pena,/'pe:.na/,,,,
peneuilt,/'pʲe.nʲulʲtʲ/,pēnultima,penultima,/pe:.'nul.ti.ma/,,,,,,,
penn,/'pʲeN/,penna,/'pen.na/,,,,
pennaind,/'pʲe.Nənʲdʲ/,*pententia,pententia,/pen.'ten.ti.a/,,,,,,,
pennit,/'pʲe.Nʲədʲ/,*penitēre,/pe.ni.'te:.re/,,,,
Pers,/'pʲers/,Persa,pers,/'per.sa/,,,,,,,
persan,/'pʲer.sən/,persōna,person,/per.'so:.na/,,,,,,,
Petar,/'pʲe.dər/,Petrus,petr,/'pe.trus/,,,,,,,
Philipians\tae,/'fʲi.lʲə.pʲən.ste/,philipianēnsis,philipianensis,/fi.li.pi.a.'ne:n.sis/,,,,,,,
Philomóin,/fʲi.lə.ɱo:nʲ/,Philēmōn,Philemon,/fi.'le:.mo:n/,,,,,,,
phir\de,/'fʲir.ðe/,Phirradios,/fir.'ra.di.os/,,,,
Pilip,/'pʲi.lʲəb/,Phillipus,Phillipus,/'fil.li.pus/,,,,,,,
pín,/'pʲi:n/,pīnus,/'pi:.nus/,,,,
pis,/'pʲiʃ/,pisum,pis,/'pi.sum/,,,,,,,
pís,/'pʲi:s/,*pēsum,pes,/'pe:.sum/,,,,,,,
plág,/'pla:ɣ/,plāga,plag,/'pla:.ga/,,,,,,,
plait,/'pladʲ/,platēa,plate,/pla.'te:.a/,,,,,,,
póc,/'po:g/,pāx,pax,/pa:ks/,,,,,,,
Poimp,/'pomʲpʲ/,Pompeius,pompei,/pom.'pej.jus/,,,,,,,
Pól,/'po:l/,Paulus,paul,/'paw.lus/,,,,,,,
pól\ire,/'po:.lə.rʲe/,*puglāria,puglaria,/pu.'gla:.ri.a/,,,,,,,
ponc,/'poŋk/,pūnctum,punct,/'pu:ŋk.tum/,,,,,,,
pond,/'pond/,pondus,pondus,/'pon.dus/,,,,,,,
Pontfelat,/'ponʲtʲ.fʲə.lət/,Pontius Pilātius,ponti pilatius,/'pon.ti.us/+/pi.'la:.tius/,,,,,,,
pópol,/'po:.bəl/,pōpulus ,popul,/'po:.pu.lus/,,,,,,,
popul,/'po.bul/,populus,popul,/'po.pu.lus/,,,,,,,
port,/'port/,portus,port,/'por.tus/,,,,,,,
posit,/'po.ʃədʲ/,positīuus,positiu,/po.si.'ti:.wus/,,,,,,,
preicept,/'pʲrʲe.gʲəpt/,praeceptum,praecept,/praj.'kep.tum/,,,,,,,
Prescien,/'pʲrʲes.kʲi.e:n/,Prisciānus,Priscianus,/pris.ki.'a:.nus/,,,,,,,
pret\aid,/'pʲrʲe.dəðʲ/,*predō,'/pre.do:/,,,,
pridch\aid,/'pʲrʲið.xəðʲ/,*predīcō,predico,/pre.'di:.ko:/,,,,,,,
prím,/'pʲrʲi:ɱ/,prīmus,prim,/'pri:.mus/,,,,,,,
prímit,/'pʲri:.ɱədʲ/,primitiae,primiti,/pri.'mi.ti.aj/,,,,,,,
Priscill,/'pʲrʲis.kəLʲ/,Priscilla,Priscilla,/pris.'kil.la/,,,,,,,
proind,/'prondʲ/,prandium,/'pran.di.um/,,,,
prom\aid,/'pro.ɱəðʲ/,probō,prob,/'pro.bo:/,,,,,,,
promith\ide,/'pro.ɱə.ðʲe/,Promētheus,Prometheus,/pro.'me:.te.us/,,,,,,,
propir,/'pro.bʲərʲ/,proprium,/'pro.pri.um/,,,,
Prospir,/'pro.spərʲ/,Prosperus,prosper,/'pros.pe.rus/,,,,,,,
psilen,/'ʃi.lʲən/,?,,,,,
punct,/'puŋkt/,pūnctum,punct,/'pu:ŋk.tum/,,,,,,,
pupall,/'pu.bəL/,pāpiliō ,papilio,/pa:.'pi.li.o:/,,,,,,,
purgatóir,/'pur.gə.do:r/,purgatōrium,purgatori,/pur.ga.'to:.ri.um/,,,,,,,
Rabsacen,/'rav.sə.kʲe:n/,Rabsacēs,Rabsaces,/'rab.sa.ke:s/,,,,,,,
ráim,/'ra:ɱʲ/,rāmus,/'ra:.mus/,,,,
reiclés,/'rʲe.gʲlʲe:s/,?,,,,,
reilic,/'re.lʲəgʲ/,reliquiae,reliqui,/re.'li.kwi.aj/,,,,,,,
retoiric,/'rʲe.do.rʲəgʲ/,*rhetoricē,rhetoric,/re.'to.ri.ke:/,,,,,,,
rétu,/'rʲe:.du/,*rēatus,reat,/'re:.a.tus/,,,,,,,
riagul,/'rʲiə.ɣul/,rēgula,regul,/'re:.gu.la/,,,,,,,
robur,/'ro.vur/,rubrum,rubr,/'rub.rum/,,,,,,,
Róm,/'ro:ɱ/,Rōma,rom,/'ro:.ma/,,,,,,,
Rómán,/'ro:.ɱa:n/,rōmānus,roman,/ro:.'ma:.nus/,,,,,,,
romuil,/'ro.ɱulʲ/,Rōmulus,romul,/'ro:.mu.lus/,,,,,,,
rós,/'ro:s/,*rōsa,ros,/'ro:.sa/,,,,,,,
rúsc,/'ru:sk/,ruscum,rusc,/'rus.kum/,,,,,,,
sabbait,/'sa.bədʲ/,sabbatum,sabbat,/'sab.ba.tum/,,,,,,,
sabin\dae,/'sa.vʲən.de/,Sabīnī,sabin,/sa.'bi:.ni:/,,,,,,,
sacarbaicc,/'sa.kər.vəkʲ/,*sacrficium,sacrficium,/sa.kər.'fi.ki.um/,,,,,,,
sacart,/'sa.gərt/,sacerdōs,sacerdos,/sa.'ker.do:s/,,,,,,,
sacerdotal\acht,/'sa.gər.də.tə.ləxt/,sacerdotal,sacerdotal,/sa.'ker.do.tal/,,,,,,,
sachaill [?],/'sa.xəLʲ/,sagellum,sagellum,/sa.'gel.lum/,,,,,,,
Sachall,/'sa.xəL/,Sacellus,Sacellus,/sa.'kel.lus/,,,,,,,
sáegul,/'saj.ɣul/,saeculum,/'saj.ku.lum/,,,,
saiget,/'sa.ɣʲəd/,sagitta,sagitt,/sa.'git.ta/,,,,,,,
saile,/'sa.lʲe/,salīua,saliu,/sa.'li:.wa/,,,,,,,
salland,/'sa.Lənd/,psallendum,psall,/psal.'len.dum/,,,,,,,
salm,/'salm/,psalmus,psalm,/'psal.mus/,,,,,,,
salt,/'salt/,saltus,salt,/'sal.tus/,,,,,,,
saltair,/'sal.tərʲ/,psaltērium,psalteri,/psal.'te:.ri.um/,,,,,,,
Samsón,/'saɱ.so:n/,Samsōn,Samson,/'sam.so:n/,,,,,,,
sanctáir,/'saŋk.ta:rʲ/,*sanctārium,/saŋk.'ta:.ri.um/,,,,
saphir,/'sa.fʲər/,sapphir,sapphir,/'sap.fir/,,,,,,,
Sara,/'sa.rə/,Sara,Sara,/'sa.ra/,,,,,,,
satan,/sa.tən/,satan,/'sa.tan/,,,,
satharn,/'sa.θərn/,*Saturnus,Saturn,/sa.'tur.nus/,,,,,,,
Sathel,/'sa.θʲəl/,Satahēl,/'sa.ta.e:l/,,,,
Saturn,/'sa.durn/,Saturnus,/sa.'tur.nus/,,,,
Saul,/sawl/,Saūl,/'sa.u:l/,,,,
scibar,/'ʃkʲi.vər/,*piber,piber,/'pi.ber/,,,,,,,
sciobaidh,/'ʃkʲi.bəðʲ/,?,,,,,
scioból,/'ʃkʲi.bəl/,scōpārium,scoparium,/sko:.'pa:.ri.um/,,,,,,,
Scip,/'ʃkʲip/,Scīpiō,scipio,/'ski:.pi.o:/,,,,,,,
screptar,/'ʃkʲrʲeb.tər/,scriptūra,script,/skrip.'tu:.ra/,,,,,,,
screpul,/'ʃkʲrʲe.bul/,*scriplus,scriplus,/'skri.plus/,,,,,,,
scríb\aid,/'ʃkʲrʲi:.vəðʲ/,scrībō,scrib,/'skri:.bo:/,,,,,,,
scríbend,/'ʃkʲrʲi:.vʲənd/,scrībendum,scribend,/skri:.'ben.dum/,,,,,,,
scriptuir,/'ʃkʲrʲib.turʲ/,scrīptūra,script,/skri:p.'tu:.ra/,,,,,,,
scrubl,/'skru.vəl/,scrūpulus,scrupul,/'skru:.pu.lus/,,,,,,,
scrút\aid,/'skru:.dəðʲ/,scrūtor,scrut,/'skru:.tor/,,,,,,,
scrútan,/'skru:.dən/,scrūtinium,scrutini,/skru:.'ti.nium/,,,,,,,
scúap,/'skuəb/,scōpa,scop,/'sko:.pa/,,,,,,,
secal,/'ʃe.gəl/,secāle,secale,/se.'ka:.le/,,,,,,,
Sechnall,/'ʃex.nəL/,Secundīnus,Secundinus,/se.kun.'di:.nus/,,,,,,,
secht,/'ʃext/,fictus,/'fik.tus/,,,,
sechtmon,/'ʃext.ɱən/,septimāna,septiman,/sep.ti.'ma:.na/,,,,,,,
secndap,/'ʃek.nəb/,secundus abbās,secund abbas,/se.'kun.dus/+/'ab.ba:s/,,,,,,,
Secnde,/'ʃek.ne/,Secundius,secundi,/se.'kun.di.us/,,,,,,,
seib,/'ʃevʲ/,faba,fab,/'fa.ba/,,,,,,,
seicréit,/'ʃe.gʲrʲe:dʲ/,sēkrētus,sekretus,/se:.kre:.tus/,,,,,,,
seinester,/'ʃe.nʲə.ʃtʲər/,fenestra,fenestr,/fe.'nes.tra/,,,,,,,
séire,/'ʃe:.rʲe/,fēria,feri,/'fe:.ri.a/,,,,,,,
séis,/'ʃe:ʃ/,sēnsus,sens,/'se:n.sus/,,,,,,,
Semei,/'ʃe.ɱʲe.i/,Semeī,Semei,/'se.me.i:/,,,,,,,
sén 1,/'ʃe:n/,signum,/'siŋ.num/,,,,
senad 1,/'ʃe.nəð/,synodus,sinod,/'si.no.dus/,,,,,,,
senatóir,/'ʃe.nə.do:rʲ/,senator,senator,/'se.na.tor/,,,,,,,
Septién,/'ʃep.tʲi.e:n/,septem,septem,/sep.tem/,,,,,,,
ser,/'ʃer/,Syrus,sir,/'si.rus/,,,,,,,
sercol,/'ʃer.kəl/,ferculum,fercul,/'fer.ku.lum/,,,,,,,
Sericán,/'ʃe.rʲə.ga:n/,Sergius,Sergius,/'ser.gi.us/,,,,,,,
Serupín,/'ʃe.ru.pʲi:n/,seraphīn,seraphin,/'se.ra.fi:n/,,,,,,,
sesra,/'ʃe.srə/,*sestārius,sestarius,/ses.'ta:.ri.us/,,,,,,,
sest,/'ʃest/,*sesta,sesta,/'ses.ta/,,,,,,,
Séth,/'ʃe:θ/,Sēth,Seth,/'se:t/,,,,,,,
síans,/'ʃiəns/,sēnsus,/'sen.sus/,,,,
síbal,/'ʃi:.vəl/,fībula,fibul,/'fi:.bu.la/,,,,,,,
Sicel\de,/'ʃi.kʲəl.de/,Sicilia,sicili,/si.'ki.li.a/,,,,,,,
sigl\ithe,/'ʃi.ɣʲlʲə.θʲe/,sigilla,sigill,/si.'gil.la/,,,,,,,
sillab,/'ʃi.Ləv/,syllaba,sillab,/'sil.la.ba/,,,,,,,
Simmach,/'ʃi.məx/,Symmachus,Simmachus,/'sim.ma.kus/,,,,,,,
Simón,/'ʃi.ɱo:n/,Simōn,/'si.mo:n/,,,,
Sïón,/'ʃi.o:n/,Sion,Sion,/'si.on/,,,,,,,
síthal,/'ʃi:.θəl/,*sītula,/'si:.tu.la/,,,,
slécht\aid,/'ʃlʲe:x.təðʲ/,flēctō,flect,/fle:k.to:/,,,,,,,
slóch,/'slo:x/,*flōcus,flocc,/'flo:.kus/,,,,,,,
Socráit,/'so.gra:dʲ/,Sōcratēs,socrates,/'so:.kra.te:s/,,,,,,,
Sodaim,/'so.ðəɱ/,Sodoma,Sodoma,/'so.do.ma/,,,,,,,
sol,/'sol/,solum,/'so.lum/,,,,
Solam 2,/'so.ləɱ/,Solomōn,Solomon,/'so.lo.mo:n/,,,,,,,
sollummun,/'so.Lu.mun/,sollemne,/sol.'lem.ne/,,,,
son 1,/'son/,sonus,son,/'so.nus/,,,,,,,
sopp,/'sop/,stuppa,stupp,/'stup.pa/,,,,,,,
Sorbabel,/'sor.və.vʲəl/,Zorobabel,Zorobabel,/zo.'ro.ba.bel/,,,,,,,
sorn,/'sorn/,furnus,/'fur.nus/,,,,
spécla,/'ʃpʲe:.glə/,*spēcula,specul,/'spe:.ku.la/,,,,,,,
spiracul,/'ʃpʲi.rə.gul/,spiraculum,spiracul,/spi.'ra.ku.lum/,,,,,,,
spirtál\de,/'ʃpʲir.ta:l.de/,*spirtālis,spirtalis,/spir.t'a:.lis/,,,,,,,
spiurt,/'ʃpʲiwrt/,*spirtus,spirtus,/'spir.tus/,,,,,,,
sráit,/'sra:dʲ/,strāta,strat,/stra:.ta/,,,,,,,
srathar,/'sra.θər/,*stratūra,strat,/stra.'tu:.ra/,,,,,,,
srían,/'ʃrʲiən/,frēnum,fren,/'fre:.num/,,,,,,,
sroigel,/'sro.ɣʲəl/,*fragillum,fragillum,/fra.'gil.lum/,,,,,,,
stán,/'sta:n/,stagnum,stagn,/'staŋ.num/,,,,,,,
Stephán,/'ʃtʲe.fa:n/,Stephānus,Stephanus,/'ste.pa.nus/,,,,,,,
stoir,/'storʲ/,*storia,/'sto.ri.a/,,,,
stoir\ier,/'sto.rʲər/,?,,,,,
súabais,/'suə.vəʃ/,*sūavis,suav,/'su:.a.wis/,,,,,,,
súg,/'su:ɣ/,*sūcus,suc,/'su:.kus/,,,,,,,
superlait,/'su.ber.lədʲ/,superlātīuus,superlatiuus,/su.per.la:.'ti:.wus/,,,,,,,
súst,/'su:st/,fūstis,fustis,/'fu:s.tis/,,,,,,,
Susthenes,/sus.tə.nʲəs/,Sōsthenēs,Sosthenes,/so:s.te.ne:s/,,,,,,,
taball,/'ta.vəL/,tabella,/ta.bel.la/,,,,
táball,/'ta:.vəL/,*tābula,tabul,/'ta:.bu.la/,,,,,,,
tablaire,/'ta.vlə.rʲe/,tabellārius,tabellari,/ta.bel.'la:.ri.us/,,,,,,,
Tabór,/'ta.vo:r/,Thabor,Thabor,/'ta.bor/,,,,,,,
talland,/'ta.Lənd/,talentum,/ta.'len.tum/,,,,
tarsen\dae,/'tar.sən.de/,tarsēnsis,tarsensis,/tar.'se:n.sis/,,,,,,,
téis,/'tʲe:ʃ/,*thēsis,/'te:sis/,,,,
teist,/'tʲeʃtʲ/,testis,test,/'tes.tis/,,,,,,,
teistimin,/'tʲe.ʃtʲə.ɱʲənʲ/,testimōnium,testimoni,/tes.ti.'mo:.ni.um/,,,,,,,
telamón\de,/'tʲe.lə.ɱo:n.de/,Telamōn,Telamon,/'te.la.mo:n/,,,,,,,
tempul,/'tʲem.pul/,templum,/'tem.plum/,,,,
teöir,/'tʲe.orʲ/',theoria,theori,/te.'o.ri.a/,,,,,,,
Teothas [?],?,,,,,
Terriéin,/'te.Rʲe:nʲ,Tyrrhēnus,Tyrrhenus,/tir.'re:.nus/,,,,,,,
tert,/'tʲert/,tertia,/'ter.ti.a/,,,,
tíag,/'tʲiəɣ/,thēca,thec,/'te:.ka/,,,,,,,
Tíamthe,/'tʲiəɱ.θe/,Timotheus,Timotheus,/ti.'mo.te.us/,,,,,,,
tiburt\ide,/'tʲi.vur.tə.ðʲe/,Tīburtus,/ti:.'bur.tus/,,,,
tím,/'tʲi:ɱ/,*thȳmum,tymum,/'ti:.mum/,,,,,,,
timp\án,/'tʲim.pa:n/,tympanum,timpan,/'tim.pa.num/,,,,,,,
Tit ,/'tʲid/,Titus,tit,/'ti.tus/,,,,,,,
titul,/'tʲi.dul/,titulus,titul,/'ti.tu.lus/,,,,,,,
tob,/'tov/,tuba,tub,/'tu.ba/,,,,,,,
tóin,/'to:nʲ/,*tōnus,ton,/'to.nus/,,,,,,,
Tomás,/'to.ɱa:s/,Thomās,thomas,/'to.ma:s/,,,,,,,
tot,/'tod/,tōtus,tot,/to:.tus/,,,,,,,
trácht\aid,/'tra:x.təðʲ/,tractō,tract,/'trak.to:/,,,,,,,
treblait,/'tʲrʲe.vlədʲ/,*triblātiō,triblatio,/tri.'bla:.ti.o:/,,,,,,,
trebunn,/'tʲrʲe.vuN/,tribūnus,tribun,/tri.'bu:.nus/,,,,,,,
tredan,/'tʲrʲe.ðən/,*tridāna,tridana,/tri.'da:.na/,,,,,,,
tríndóit,/'tʲrʲi:n.do:dʲ/,trīnitās,trinitas,/'tri:.ni.ta:s/,,,,,,,
triub,/'tʲrʲiwv/,tribus,trib,/'tri.bus/,,,,,,,
Troí,/'troʲ/,Trōia,Troia,/'tro:.ja/,,,,,,,
troían\dae,/'troj.an.de/,trōiānus,/tro:.'ja:.nus/,,,,
trop,/'trob/,tropus,trop,/'tro.pus/,,,,,,,
trost,/'trost/,trānstrum,/tra:ns.trum/,,,,
túaiscert,/'tuə.ʃkʲərt/,*t-ou̯χsi-ku̯erto-,,,,,
tuinech,/'tu.nʲəx/,tunica,/'tu.ni.ka/,,,,
tús,/'tu:s/,thūs,/'tu:s/,,,,
ueronens\tae,/'fʲe.rə.nʲən.ste/,uērōnēnsis,/we:.ro:.'ne:n.sis/,,,,
Uespisían,/'fʲe.spə.ʃiən/,Uespasiānus,/wes.pa.si.'a:.nus/,,,,
uilt,/'ulʲtʲ/,ultima,/'ul.ti.ma/,,,,
ulcán,/'ul.ka:n/,Uulcānus,/wul.'ka:.nus/,,,,
umal,/'u.ɱəl/,humilis,/'hu.mi.lis/,,,,
umaldóit,/'u.ɱəl.do:dʲ/,humilitās,/hu.'mi.li.ta:s/,,,,
unáir,/'u.na:rʲ/,*unārius,/u.'na:.ri.us/,,,,
ungae,/'uŋ.ge/,uncia,/'uŋ.ki.a/,,,,
úsaile,/'u:.sə.lʲe/,auxilius,/awk.'si.li.us/,,,,
