Latin Stem Phonology,Irish Phonology,Latin Word,Latin Stem,Irish Word,Latin Word Phonology
'a.a.ro:n,/ˈa.rən/,Aarōn,Aaron,Aron,/'a.a.ro:n/
'ab.ba,/ˈab/,abbas,abba,abb,/'ab.bas/
a.be.ke.'da:.ri.,/ˈabʲ.ɣʲə.dʲərʲ/,abecedārium,abecedari,aipgitir,/a.be.ke.'da:.ri.um/
'a.bel,/ˈa.vʲe:l/,Abel,Abel,Abél,/'a.bel/
a.'bi.me.lek,/ˈa.vʲə.ɱʲə.lʲəx/,Abimelech,Abimelech,Abimelech,/a.'bi.me.lek/
'a:.bra.he:,/ˈa.vra.e/,Ābrahae,abrahae,Abrache,/'a:.bra.he:/
'a:.bra.ham,/ˈavra.aɱ/,Ābraham,abraham,Abraham,/'a:.bra.ham/
'a:.bram,/ˈa.vrəɱ/,Ābram,abram,Abram,/'a:.bram/
'ap.sa.lon,/ˈa.vʲə.sə.lən/,Absalon,Absalon,Abisolon,/'ap.sa.lon/
ab.sti.'nen.ti.,/ˈav.stə.nədʲ/,abstinentia,abstinenti,abstanait,/ab.sti.'nen.ti.a
a.'bis.s,/ˈa.vʲəʃ/,abyssus,abyss,aibis,/a.'bis.sus/
ok.'ka:.si.o:,/ˈa.kuʃ/,*accāsiō,accasio,accuis,/ok.'ka:.si.o:/
ak.'ken.t,/ˈa.kʲənd/,accentus,accent,aiccend,/ak.'ken.tus/
ak.ki.'den.t,/ˈa.kʲə.ðʲədʲ/,accidentia,accident,aiccidit,/ak.ki.'den.ti.a/
a.'ke:.t,/ˈa.kʲe:t/,acētum,acet,acét,/a.'ke:.tum/
a.'ki.to.fel,/a.xʲə.təfəl/,Achitophel,Achitophel,Achitofel,/a.'ki.to.fel/
a.kri.si.'o:.ne:,/ˈa.kʲrʲə.ʃən.de/,Acrisiōnē,Acrision,acrision\dae,/a.kri.si.'o:.ne:/
a:k.tu.'a:.l,/ˈax.ta:lʲ/,āctuālis,actual,achtáil,/a:k.tu.'a:.lis/
a.'ku:.t,/ˈa.gudʲ/,acūtus,acut,acuit,/a.'ku:.tus/
'a:.da:.m,/ˈa:.ðəɱ/,Ādām,adam,Ádam,/'a:.da:.m/
ad.'jek.t,/ˈa.ðʲiəxt/,adiectus,adiect,adiacht,/ad.'jek.tus/
a.'do:.r,/að.ˈo.ra/,adōrō,ador,ad·ora,/a.'do:.ro:/
a.'dul.ter,/ˈa.ðəl.trəs/,adulter,adulter,adaltr\as,/a.'dul.ter/
e:.'gip.t,/ˈe:.ɣʲəpt/,Aegyptus,aegypt,Éigept,/e:.'gip.tus/
e:.gip.'ti.a.k,/ˈe:.ɣʲəp.təx.ðe/,aegyptiacus,aegyptiac,éigept\ach\dae,/e:.gip.'ti.a.kus/
e:.mi.li.'a:.n,/ˈe.ɱʲəlʲe:nde/,aemiliānus,aemilian,emilén\dae,/e:.mi.li.'a:.nus/
aj.'ne:a,/ˈaj.nʲe.e.ðe,Aenēās,aenea,aenee\dae,/aj.'ne:.a:s/
aj.'ne:.a:s,/ˈaj.nʲe.as/,Aenēās,aeneas,Aeneas,/aj.'ne:.a:s/
'e:.o.l,/ˈewl.de/,Aeolus,Aeol,eol\dae,/'e:.o.lus/
'e:.o.le:n.s,/ˈew.lʲən.te/,aeolēnsis,aeolens,eolen\tae,/'e:.o.le:n.sis/
e:.kwi.'nok.t,/ˈe.gʲə.nəxt/',aequinoctium,aequinocti,ecenocht,/e:.kwi.'nok.ti.um/
'a:.e:r,/ˈa.er/',āēr,aer,aër,/'a:.e:r/
e:.ti.'o.pi.,/ˈe.θʲəbʲ/,Aethiopia,aethiopi,Ethioip,/e:.ti.'o.pi.a/
'a:.fri.k,/ˈa.frək.ðe/,āfricus,afric,afrac\dae,/'a:.fri.kus/
a.le.'san.der,/a.ləx.sən.dər/,Alexander,alexander,Alaxander,/a.lek.'san.der/
al.le.'lu:.ja,/ˈa.Lʲe/,allelūia,allelui,aille,/al.le.'lu:.ja/
al.'mo:.si.n,/ˈalɱ.sən/,*almōsina,almosin,almsan,/al.'mo:.si.na/
'al.p,/ˈal.pe/,Alpēs,alp,Alpae,/'al.pe:s/
'al.fa,/ˈal.fa/,alpha,alpha,alfa,/'al.fa/
al.'pi:.n,/ˈal.pən.de/,alpīnus,alpin,alpan\de,/al.'pi:.nus/
al.ˈta:.re,/ˈal.to:rʲ/,altāre,altare,altóir,/al.ˈta:.re/
'a:.me:n,/ˈa.ɱənʲ/,āmēn,amen,amein,/'a:.me:n/
ˈam.mon,/ˈa.mən/,Ammon,Ammon,Ammon,/ˈam.mon/
a.'na.go.ge:,/ˈa.nə.ɣə.ɣʲe:n/,anagogēn,anagogēn,anagogien,/a.'na.go.ge:/
a.na.'lo.gi.,/ˈa.nə.ləx/,analogia,analogi,analach,/a.na.'lo.gi.a/
a.ˈna.ni.a:,/ˈa.Ne/,Ananiās,Anania,Annae,/a.ˈna.ni.a:s/
'aŋ.ko.r,/ˈaŋ.kə.rʲe/,ancora,ancor,ancaire,/'aŋ.ko.ra/
'aŋ.ko.r,/ˈiŋ.gər/,ancora,ancor,ingor 1,/'aŋ.ko.ra/
an.'dre:a,/ˈanʲ.dʲrʲa/,Andrēās,andrea,Aindrea,/an.'dre:.a:s/
'aŋ.ge.l,/ˈaŋʲ.gʲəl/,angelus,angel,aingel,/'aŋ.ge.lus/
'a.ni.m,/ˈa.nʲəmʲ/,anima,anim,ainimm,/'a.ni.ma/
ˈa.ni.o:,/ˈa.nʲi.en/,Aniō,Anio,Anien,/ˈa.ni.o:/
an.te.ˈter.ti.,/ˈan.tʲərt/,ante tertiam,ante terti,antert,/ˈan.te/+/ˈter.ti.am/
an.te.paj.'nul.ti.m,/ˈan.tʲə.bʲə.nʲulʲtʲ/,antepaenultima,antepaenultim,antepeneuilt,/an.te.paj.'nul.ti.ma/
an.ti.'kris.t,/ˈant.xri:st/,Antichristus,antichrist,Antchríst,/an.ti.'kris.tus/
an.'da:.t,/ˈan.do:dʲ/,*andātem,andat,andóit,/an.'da:.tem/
an.'to:.ni.,/ˈan.tə.na:n/,Antōnius,antoni,antonán,/an.'to:.ni.us/
a.'pol.lo:,/ˈa.bəLʲ/',Apollō,apollo,Apoill,/a.'pol.lo:/
a.'bos.to.l,/ˈab.stəl/,apostolus,apostol,apstal,/a.'pos.to.lus/
a.'pos.to.l,/ˈax.səl/,apostolus,apostol,axal,/a.'pos.to.lus/
a.'pos.tro.f,/ˈa.bə.strəfʲ/,apostrophus,apostroph,apostroiph,/a.'pos.tro.fus/
a.'pri:.l,/ˈa.bʲrʲe:lʲ/,Aprīlis,april,Apréil,/a.'pri:.lis/
'a.kwi.l,/ˈa.kəlʲ/,Aquila,aquil,Aquil,/'a.kwi.la/
'a:.rab,/ˈa.rəv.ðe/,Ārabem,arab,arab\dae,/'a:.rabem/
'a.ran,/ˈa.rən/,Aran,Aran,Aran,/'a.ran/
'ar.k,/ˈa:rk/,arca,arc,árc,/'ar.ka/
ar.'kaŋ.ge.l,/ˈar.xəŋʲ.gʲəl/,archangelus,archangel,archaingel,/ar.'kaŋ.ge.lus
ar.gu:.'men.t,/ˈar.gu.ɱʲənʲtʲ/,argūmentum,argument,argumeint,/ar.gu:.'men.tum/
a.ris.'to.te.le:s,/ˈa.rʲə.stə.təlʲ/,Aristotelēs,Aristoteles,Aristotil,/a.ris.'to.te.le:s/
'ar.m,/ˈarm/,arma,arm,arm,/'ar.ma/
ar.'ti.ku.l,/ˈarʲ.tʲə.gəl/,articulus,articul,articol,/ar.'ti.ku.lus/
'a.sap,/ˈa.səf/,Asaph,Asaph,Asaph,/'a.sap/
as.'si.ri.,/ˈa.sər/,Assyria,assyri,Asar,/as.'si.ri.a/
as.te.'ri:s.k,/ˈa.ʃtʲrʲəsk/,asterīscus,asterisc,aistrisc,/as.te.'ri:s.kus/
as.ti.'a:.ri.,/ˈa.ʃtʲə.rʲe/,*astiārius,astiari,aistire,/as.ti.'a:.ri.us/
'a.to.m,/ˈa.dəɱ/,atomus,atom,atom,/'a.to.mus/
'at.tat,/ˈatʲ/,attat,attat,aitt,/'at.tat/
'at.ti.k,/ˈa.tək/,Atticus,attic,Atac,/'at.ti.kus/
'awk.tor,/ˈawx.tər/,auctor,auctor,auctor,/'awk.tor/
awk.'to:.ri.ta:s,/ˈawx.tər.ta:s/,auctōritās,auctoritas,augtortás,/awk.'to:.ri.ta:s/
'aw.r,/ˈo:r/,aurum,aur,ór 1,/'aw.rum/
awk.ˈsi.li.,/ˈu:.sə.lʲe/,auxilius,auxili,úsaile,/awk.ˈsi.li.us/
ak.'sil.l,/ˈox.səl/,axilla,axill,ochsal,/ak.'sil.la/
'ba.al,/ˈba.al/,Baal,baal,Bachal,/'ba.al/
'ba.bi.lo:n,/ˈba.vʲə.lo:n/,Babylōn,babylon,Babilón,/'ba.bi.lo:n/
'ba.ku.l,/ˈba.xəL/,baculum,bacul,bachall,/'ba.ku.lum/
'ba.la.am,/ˈba:.ləɱ/,Balaam,Balaam,Bálam,/'ba.la.am/
'bal.b,/ˈbalb/,balbus,balb,balb,/'bal.bus/
'bap.tis.t,/ˈbap.təʃtʲ/,(Iōhannēs) Baptista,baptist,Baptaist,/'bap.tis.ta/
ba.'rab.ba:,/ˈba.rə.va:n/,Barabbās,Barabba,Barab\án,/ba.'rab.ba:s/
'bar.ba.r,/ˈbar.ba:r/,barbarus,barbar,barbár,/'bar.ba.rus/
'ba:r.k,/ˈba:rk/,bārca,barc,bárc,/'ba:r.ka/
'bar.na.ba:,/ˈbar.nəbʲ/,Barnabās,Barnaba,Barnaip,/'bar.na.ba:s/
'bar.na.ba:,/ˈbar.nə.ba:n/,Barnabās,Barnaba,Barnap\án,/'bar.na.ba:s/
ba.'si.li.k,/ˈba.ʃlək/,basilica,basilic,baislec,/ba.'si.li.ka/
ba.'tis.m,/ˈba.θʲəs/,*batisma,batism,baithes,/ba.'tis.ma/
'be.or,/ˈbʲe.or/,Beor,be,Beor,/'be.or/
'be:.a.t,/ˈbʲi.adʲ/,*bēatī,beat,biait,/'be:.a.ti:/
be.'el.ze.bub,/ˈbʲel.sə.fuθ/,Beelzebub,Beelzebub,Belzefuth,/be.'el.ze.bub/
ben.'dik.ti.o:,/ˈbʲen.dəxt/,*bendictiō,bendictio,bendacht,/ben.'dik.ti.o:/
be.ne.'di:.k,/ˈbʲen.də.xəðʲ/,benedīcō,benedic,bendach\aid,/be.ne.'di:.ko:/
'ben.ja.min,/ˈbʲe.nʲə.ɱʲi:n/,Beniamin,Beniamin,Beneamín,/'ben.ja.min/
be.re:.'e:n.s,/ˈbʲe.rʲən.ste/,beroeēnsis,beroeens,berens\dae,/be.re:.'e:n.sis/
'be:s.ti.,/ˈbʲe:ʃtʲ/,bēstia,besti,béist,/'be:s.ti.a/
'be.tel,/ˈbʲe.θʲəl/,Bethel,Bethel,Bethel,/'be.tel/
be:t.le.'he:.m,/ˈbʲe.θʲlʲəɱ/,Bēthlehēmum,Bethlehem,Beithlem,/be:t.le.'he:.mum/
be:t.le.'he:.m,/ˈbʲe.θʲə.lʲəɱ.ðe/,Bēthlehēmum,Bethlehem,bethelem\dae,/be:t.le.'he:.mum/
bet.'sa.be.e,/ˈbʲer.sə.ve/',Bethsabee,Bethsabee,Bersabae,/bet.'sa.be.e/
bi.'na:.ri.,/ˈbʲi.na:rʲ/,*binārius,binari,bináir,/bi.'na:.ri.us/
bis.'sek.st,/ˈbʲi.ʃəxs/,bissextus,bissext,bissex,/bis.'sek.stus/
'bras.si.k,/ˈbra.ʃəx/,brassica,brassic,braisech,/'bras.si.ka/
brit.'to:.n,/ˈbʲrʲe.tənʲ/,brittōnēs,britton,Bretain,/brit.'to:.ne:s/
'broŋ.ki.,/ˈbroŋ.gə.ðʲe/,bronchia,bronchi,brongai\de,/'broŋ.ki.a/
bur.di.'ga.li.,/ˈbord.ɣəl/,Burdigalia,Burdigali,Bordgal,/bur.di.'ga.li.a/
'bur.g,/ˈborg/,burgus,burg,borg,/'bur.gus/
ka.'du:.k,/ˈkað.xəx/,cadūcus,caduc,cadch\ach,/ka.'du:.kus/
ka.'ja:.fa:s,/ˈka.i.fəs/,Caiāphās,Caiaphas,Caïphas,/ka.'ja:.fa:s/
ka.'li:.go:,/ˈka.lʲəx/,calicem,calic,cailech,/ka.'li:.go:/
'ka.li.k,/ˈka.lʲəx/,*calīgō,caligo,cailech 3,/'ka.li.kem/
ka.mel.l,/ˈka.ɱəL/,camellus,camell,camall,/ka.mel.lus/
ka.'mi.si.,/ˈkamʲ.ʃʲe/,camisia,camisi,caimmse,/ka.'mi.si.a/
ka.n,/ˈka.nə/,Cana,cana,Cana,/ka.na/
kaŋ.'kel.l,/ˈkaŋʲ.gʲəl/,cancella,cancell,caingel,/kaŋ.'kel.la/
kan.'de:.l,/ˈkanʲ.dʲəl/,candēla,candel,caindel,/kan.'de:.la/
'kan.di.d,/ˈkan.də.ðəs/,candidus,candid,candadas,/'kan.di.dus/
'kan.na.b,/ˈkna:vʲ/,cannabis,cannab,cnáib,/'kan.na.bis/
'kan.nu.l,/ˈko.NəL/,cannula,cannul,connall,/'kan.nu.la/
'ka.no:n,/ˈka.no:nʲ/,canōn,canon,canóin,/'ka.no:n/
ka.pil.'la:.ti.o:,/ˈka.blədʲ/,capillātiō,capillatio,caplait,/ka.pil.'la:.ti.o:/
ka.'pi.tu.l,/ˈkabʲ.dʲəl/,capitulum,capitul,caiptel,/ka.'pi.tu.lum/
'kap.tor,/ˈkax.tər/,captor,captor,cachtor,/'kap.tor/
kar.'buŋ.ku.l,/ˈkar.buŋ.kəlʲ/,carbunculus,carbuncul,carbuncail,/kar.'buŋ.ku.lus/
kar.'buŋ.ku.l,/ˈkar.ɱə.gəl/,carbunculus,carbuncul,carmocol,/kar.'buŋ.ku.lus/
'kar.ker,/ˈkar.kər/,carcer,carcer,carcar,/'kar.ker/
kar.'ta:.t,/ˈkar.to:dʲ/,*cartātem,cartat,cartóit,/kar.'ta:.tem/
'ka:.se.,/ˈka:.ʃe/,cāseus,case,cáise,/'ka:.se.us/
kas.'til.l,/ˈka.ʃəl/,*castillum,castill,caisel,/kas.'til.lum/
'ka.su.l,/ˈka.səl.de/,casula,casul,casal\dae,/'ka.su.la/
ka.te:.'ku:.me.n,/ˈkaθ.xəɱʲ.nʲəð/',catēchūmenus,catechumen,cathchoimn\id,/ka.te:.'ku:.me.nus/
'ka.te.dr,/ˈka.θaʲrʲ/,cathedra,cathedr,cathaír,/'ka.te.dra/
ka.'to.li.k,/ˈka.θləx/,catholicus,catholic,cathlach,/ka.'to.li.kus/
'ka.tu.l,/ˈka.tu.la:n/,Catulus,catul,Catulán,/'ka.tu.lus/
'kaw.s,/ˈkaus/,causa,caus,coäis,/'kaw.sa/
'ke.dr,/ˈkʲe.dərʲ/,cedrus,cedr,cedair,/'ke.drus/
'ke.le.br,/ˈkʲe.lʲə.vrəðʲ/,celebrō,celebr,ceilebr\aid,/'ke.le.bro:/
'ken.tr,/ˈkʲinʲ.tʲərʲ/,centrum,centr,cinteir,/'ken.trum/
'ke:.r,/ˈkʲe:rʲ/,cēra,cer,céir,/'ke:.ra/
'ker.t,/ˈkert/,certus,cert,cert,/'ker.tus/
ker.'wi:.kal,/ˈkʲer.xəLʲ/,cervīcal,cervical,cerchaill,/ker.'wi:.kal/
'ke:.s,/ˈkʲi:s/,*cēsus,ces,cís,/'ke:.sus/
kal.'de:.,/ˈkal.de.a/,Chaldaea,chaldae,Calldea,/kal.'de:.us/
kal.'de:.,/ˈkald/,Chaldaeus,chaldae,Cald,/kal.'de:.a/
'ka.na.a:n,/ˈka.Na:n/,Chanaān,chanaan,Cannán,/'ka.na.a:n/
'ka.na.a:n,/ˈka.Nan.de/,Chanaān,chanaan,cannan\dae,/'ka.na.a:n/
ka:.'rak.ter,/ˈka:.rəx.tər/,*chāracter,character,cárachtar,/ka:.'rak.ter/
'kar.t,/ˈkarʲtʲ/,charta,chart,cairt,/'kar.ta/
'ke.ru.bi:n,/ˈxʲe.ru.fʲi:n/,cherubīn,cherubin,Cherupín,/'ke.ru.bi:n/
'ke.ru.bi:n,/i.ru.fʲi:n/,cherubīn,cherubin,Iruphín,/'ke.ru.bi:n/
'kris.t,/ˈkʲrist/,Christus,christ,Críst,/'kris.tus/
kris.ti.'a:.n,/ˈkʲrʲe:.ʃən/,christiānus,christian,créisen,/kris.ti.'a:.nus/
'kiŋ.gl,/ˈkʲeŋ.gəl/,*cingla,cingl,cengal,/'kiŋ.gla/
'kip.p,/ˈkʲep/,cippus,cipp,cepp,/'kip.pus/
'kir.ku.l,/ˈkʲir.kul/,circulus,circul,circul,/'kir.ku.lus/
kir.kum.'flek.s,/ˈkʲir.kunʲ.fʲlʲəxs/,circumflexus,circumflex,circunflex,/kir.kum.'flek.sus/
'kis.t,/ˈkes/,cista,cist,ces,/'kis.ta/
'klas.s,/ˈklas/,classis,class,clas 2,/'klas.sis/
'klaw.su.l,/ˈklaw.sul/,clausula,clausul,clausul,/'klaw.su.la/
'kle:.r,/ˈkʲlʲe:r/,clērus,cler,clér,/'kle:.rus/
'kle:.ri.k,/ˈkʲlʲe:.rʲəx/,clēricus,cleric,cléirech,/'kle:.ri.kus/
ko.'ki:.n,/ˈku.gəN/,*cocīna,cocin,cucann,/ko.'ki:.na/
kok.'tu:.r,/ˈkux.tər/,coctūra,coctur,cuchtar,/kok.'tu:.ra/
'ko.hor.t,/ˈku:ərdʲ/,cohortem,cohort,cúaird,/'ko.hor.tem/
'kol.ki.,/ˈkol.xi.e/,Colchis,Colchi,colchiae,/'kol.kis/
'kol.ki.d,/ˈkol.xə.ðʲe/,Colchidem,Colchid,colche\de,/'kol.ki.dem/
ko.'lum.b,/ˈko.luɱ/,columba,columb,colum,/ko.'lum.ba/
ko.'lum.n,/ˈkol.ve/,columna,column,–colbae,/ko.'lum.na/
kom.'mu:.ni.o:,/ˈko.mən/,commūniō,communio,comman,/kom.'mu:.ni.o:/
kom.pa.ra:.'ti:.w,/ˈkom.pə.rədʲ/,comparātīuus,comparatiu,comparait,/kom.pa.ra:.'ti:.wus/
ko:n.'fes.si.o:,/ˈko.vəʃ/,cōnfessiō,confessio,cobais,/ko:n.'fes.si.o:/
ko:n.'fi.te.or,/ˈku.vʲə.dʲər/,cōnfiteor,confiteor,cuibiter,/ko:n.'fi.te.or/
ko:n.se.kr,/kon.ˈʃe.kra/,cōnsecrō,consecr,con·secra,/ko:n.se.kro:/
'ko:n.so.n,/ˈkon.sən/,cōnsonus,conson,consan,/'ko:n.so.nus/
ko:ns.tan.ti:.'no.po.l,/ˈkon.stənʲ.tʲə.nə.bəl/,Cōnstantīnopolis,constantinopol,Constantinopol,/ko:ns.tan.ti:.'no.po.lis/
'ko:n.sul,/ˈkon.səl/,cōnsul,consul,consal,/'ko:n.sul/
ko:n.sum.'ma:.ti.o:,/ˈkos.ɱəðʲ/,cōnsummātiō,consummatio,cosmaid,/ko:n.sum.'ma:.ti.o:/
kon.'ten.ti.o:,/ˈkon.tən/,contentiō,contentio,contan,/kon.'ten.ti.o:/
kon.'trak.t,/ˈkon.trəxt/,contractus,contract,contracht,/kon.'trak.tus/
ko.'rin.t,/ˈko.rʲənt/,Corinthus,corinth,Corint,/ko.'rin.tus/
kor.'ne:.li.,/ˈkor.nəlʲ/,Cornēlius,Corneli,Cornil,/kor.'ne:.li.us/
ko.'ro:.n,/ˈko.rəN/,corōna,coron,corann,/ko.'ro:.na/
'kor.pus,/ˈkorp/,corpus,corp,corp,/'kor.pus/
kre.'pus.ku.l,/ˈkrab.skulʲ/,crepusculum,crepuscul,crapscuil,/kre.'pus.ku.lum/
kre.'ter.r,/ˈkʲrʲe.θʲərʲ/,*creterra,creterr,creithir,/kre.'ter.ra/
'kro:.k,/ˈkro:x/,*crōcus,croc,cróch,/'kro:.kus/
'kro.ta.l,/ˈkro.θəl/,crotalum,crotal,crothal,/'kro.ta.lum/
kro.'ta.li.,/ˈkro.θlə/,crotalia,crotali,crothla,/kro.'ta.li.a/
'kru.k,/ˈkrox/,crucem,cruc,croch,/'kru.kem/
'kruks,/ˈkros/,crux,crux,cros,/'kruks/
'ku.b,/ˈku:.vəðʲ/,cubō,cub,cúb\aid,/'ku.bō/
'ku.b,/ˈkuv/,cubus,cub,cyb,/'ku.bus/
ku.'kul.l,/ˈko.xəL/,cucullus,cucull,cochall,/ku.'kul.lus/
'kul.ki.t,/ˈkol.kəðʲ/,culcita,culcit,colcaid,/'kul.ki.ta/
ku.'li:.n,/ˈku.lʲəN/,culīna,culin,*cuilenn,/ku.'li:.na/
'kul.tr,/ˈkol.tər/,cultrum,cultr,coltar,/'kul.trum/
'ku.me.r,/ˈko.ɱrər/,cumera,cumer,comrar,/'ku.me.ra/
'ku.ra:s.'a.go:,/ˈku:r.sə.ɣəðʲ/,curās agō,curas ag,cúrsag\aid,/'ku.ra:s.'a.go:/
'kur.t,/ˈkurʲtʲ/,curtis,curt,cuirt,/'kur.tis
kur.'ti:.n,/ˈkur.tʲi:.nəð/,curtīna,curtin,curtín\ad,/kur.'ti:.na/
'ki.kl,/ˈkʲi.kul/,cyclus,cycl,cicul,/'ki.klus/
ki.kla.si.a,/ˈkʲi.glə.ste/,Cyclasias,Cyclasia,ciclas\tae,/ki.kla.si.as/
'ki:.r,/ˈkʲer/,Cȳrus,cyr,Cer,/'ki:.rus/
'ki:.r,/ˈkʲi:r/,Cȳrus,cyr,Cír,/'ki:.rus/
'dak.ti.l,/ˈdax.təlʲ/,dactylus,dactyl,dactil,/'dak.ti.lus/
'de:.mon,/ˈdʲe.ɱən/,daemon,daemon,demon,/'de:.mon/
'dam.n,/ˈdaɱ.nəð/,damnō,damn,damn\ad,/'dam.no:/
dam.'na:.ti.o:,/ˈda.mənʲ/,damnātiō,damnatio,dammain,/dam.'na:.ti.o:/
'da.ni.e:l,/ˈda.nʲi.e:l/,Daniēl,daniel,Danïél,/'da.ni.e:l/
dar.'da:.n,/ˈdar.da:n.de/,Dardānus,Dardan,dardán\de,/dar.'da:.nus/
'da:.wi:d,/ˈdaw.iðʲ/,Dāuīd,Dauid,Dauid,/'da:.wi:d/
de.'ka:.d,/ˈdʲe.kəðʲ/,decādem,decad,deccaid,/de.'ka:.dem/
de:.'na:.ri.,/ˈdʲi:r.ne/,dīnārius,dinari,dírnae,/de:.'na:.ri.us/
de:.pre.'ka:.ti.o:,/ˈdʲe.bʲrʲə.go:dʲ/,dēprecātiō,deprecatio,deiprecóit,/de:.pre.'ka:.ti.o:/
der.'be:n.s,/ˈdʲer.bən.ste/,derbēnsis,derbens,derbens\dae,/der.'be:n.sis/
dew.te.ro.'no.mi.,/ˈdʲew.tər.nəɱʲ/,deuteronomium,deuteronomi,deutornim,/dew.te.ro.'no.mi.um/
di.'a.bo.l,/ˈdʲiə.vul/',diabolos,diabol,díabul,/di.'a.bo.lus/
di.'a:.ko.n,/ˈdʲe.xən/,diāconus,diacon,dechon,/di.'a:.ko.nus/
di.a.'lek.ti.k,/ˈdʲiə.lʲex.təkʲ/',dialectica,dialectic,dialectaicc,/di.a.'lek.ti.ka/
di.'a.me.ter,/ˈdʲiə.θʲərʲ/',diameter,diameter,díaithir,/di.'a.me.ter/
dik.t,/ˈdʲex.təðʲ/,dictō,dict,decht\aid,/dik.to:/
dik.'ta:.to:r,/ˈdix.tə.do:rʲ/,dictātōr,dictator,dictatóir,/dik.'ta:.to:r/
di.'gam.m,/ˈdʲi.ɣəmʲ/',digamma,digamm,digaimm,/di.'gam.ma/
dis.'ki.pu.l,/ˈdʲe.ʃkʲə.bul/',discipulus,discipul,descipul,/dis.'ki.pu.lus/
'do.eg,/ˈdo.eg/,Doeg,Doeg,Doeg,/'do.eg/
dom.'ni.k,/ˈdoɱ.nəx/,*domnicus,domnic,domnach,/dom.'ni.kus/
'dra.ko:,/ˈdrawg/,dracō,draco,drauc,/'dra.ko:/
'du.pl,/ˈdu.bulʲ/,duplus,dupl,dupuil,/'du.plus/
'du.um.wir,/ˈdo:.ɱo:rʲ/,duumuir,duumuir,dómóir,/'du.um.wir/
e.ˈkle:.si.,/ˈe.gləʃ/,eclēsia,eclesi,eclais,/e.ˈkle:.si.a/
'e.le.fan.t,/ˈe.lʲə.fa:nʲtʲ/,elephantem,elephantem,elifáint,/e.le.'fan.tem/
em.bo.'lis.m,/ˈemʲ.bʲlʲə.ʃəm/,embolismus,embolism,embleisim,/em.bo.'lis.mus/
e.'pak.t,/ˈe.bəxt/,epactae,epact,epacht,/e.'pak.te:/
ˈe.pe.s,/ˈe.fʲəs/,Ephesus,Ephes,Ephes,/ˈe.pe.sus/
e.'fra.te:.,/ˈe.frə.dʲə.ðʲe/,Ephrataeus,Ephratae,Eufrat\ide,/e.'fra.te:.us/
e.'pis.tu.l,/ˈe.bʲə.ʃtʲəlʲ/,epistula,epistul,eipistil,/e.'pis.tu.la/
'eps.ko.p,/ˈeb.skəb/,*epscopus,epscop,epscop,/'eps.ko.pus/
'e.saw,/e:.su/,Esau,Esau,Éssu,/'e.saw/
es.'ko.p,/ˈe.skəb/,escopus,escop,escop,/es.'ko.pus/
eks.'kep.t,/ˈex.skəp.təðʲ/',exceptus,except,except\aid,/ek.'skep.tus/
eks.kom.mu:.ni.'ka:.ti.o:,/ˈesk.ɱən/,excommūnicātiō,excommunicatio,escmon,/eks.kom.mu:.ni.'ka:.ti.o:/
eks.hi.'ber.n,/ˈe.sərn/,exhibernum,exhibern,esarn,/eks.hi.'ber.num
ek.ˈsor.kis.t,/ˈex.sər.kə.stəðʲ/,exorcistus,exorcist,exarcist\id,/ek.ˈsor.kis.tus/
'fa.b,/ˈʃevʲ/,faba,fab,seib,/'fa.ba/
fa.'ta:.le,/ˈfa:.dəl/,fatāle,fatal,fátal,/fa.'ta:.le/
fe.'bra:.ri.,/ˈfʲe.vrə/,*febrārius,febrari,Febra,/fe.'bra:.ri.us/
fe:.mi.'ni:.n,/ˈfʲe.ɱʲən/,fēminīnus,feminin,feimen 1,/fe:.mi.'ni:.num/
fe.'nes.tr,/ˈʃe.nʲə.ʃtʲər/,fenestra,fenestr,seinester,/fe.'nes.tra/
'fer.ku.l,/ˈʃer.kəl/,ferculum,fercul,sercol,/'fer.ku.lum/
'fe:.ri.,/ˈʃe:.rʲe/,fēria,feri,séire,/'fe:.ri.a/
fe:.ri.'a:.l,/ˈfʲe:.ro:lʲ/,fēriālis,ferial,féróil,/fe:.ri.'a:.lis/
'fi:.bu.l,/ˈʃi:.vəl/,fībula,fibul,síbal,/'fi:.bu.la/
ˈfik.t,/ˈʃext/,fictus,fict,secht,/ˈfik.tus/
'fi:.ku.l,/ˈfʲi:.gul.de/,fīcula,ficul,fícul\dae,/'fi:.ku.la/
'fi.gu:.r,/ˈfʲi.ɣər/,figūra,figur,figor,/'fi.gu:.ra/
fir.ma:.'men.t,/ˈfʲirʲ.mʲənʲtʲ/,firmāmentum,firmament,firmint,/fir.ma:.'men.tum/
fle:k.t,/ˈʃlʲe:x.təðʲ/,flēctō,flect,slécht\aid,/fle:k.to:/
'flo:.k,/ˈslo:x/,*flōcus,flocc,slóch,/'flo:.kus/
ˈfo:r.m,/ˈforʲmʲ/,fōrma,form,foirm,/ˈfo:r.ma/
fra.'gil.l,/ˈsro.ɣʲəl/,*fragillum,fragill,sroigel,/fra.'gil.lum/
'fre:.n,/ˈʃrʲiən/,frēnum,fren,srían,/'fre:.num/
ˈfur.n,/ˈsorn/,furnus,furn,sorn,/ˈfur.nus/
'fu:s.t,/ˈsu:st/,fūstis,fust,súst,/'fu:s.tis/
/ˈga.la.t,/ˈga.ləd/,Galatae,Galat,Galat,/ˈga.la.te:/
ga.li:.ˈle:.,/ˈga.ləlʲ/,Galīlaea,galilae,Galail,/ga.li:.ˈle:.a/
ˈgal.l,/ˈgaL/,Gallus,gall,Gall 1,/ˈgal.lus/
gar.'ga:.n,/ˈgar.ga:n/,Gargānus,Gargan,Gargán,/gar.'ga:.nus/
ge.ne.a:.'lo.gi.,/ˈgʲe.nʲə.ləx/,geneālogia,genealogi,genelach,/ge.ne.a:.'lo.gi.a/
ge.'ni.ti.o:,/ˈgʲe.nʲə.dʲiw/,*genitiō,genitio,genitiu,/ge.'ni.ti.o:/
ˈgen.t,/ˈgʲenʲ.tʲi/,gentēs,gent,geint\i,/ˈgen.te:s/
'gen.ti.l,/ˈgʲe.nʲ.tʲlʲə.ðʲe/,gentilis,gentil,gentl\ide,/'gen.ti.lis/
ge.'run.di.,/ˈgʲe.rəndʲ/,gerundium,gerundi,gerind,/ge.'run.di.um/
'glan.di.,/ˈgla.nʲe/,glandium,glandi,glaine 3,/'glan.di.um/
ˈglo:.s,/ˈgluəs/,glōsa,glos,glúas,/ˈglo:.sa/
gli.'ke.ri.,/ˈglʲi.ɣʲər.nəd/,Glycerium,Glyceri,gliger\nat,/gli.'ke.ri.um/
gra:.d,/ˈgra:ð/,*grādus,grad,grád 1,/gra:.dus/
gram.'ma.ti.k,/ˈgra.mə.dəkʲ/,grammatica,grammatic,grammataicc,/gram.'ma.ti.ka/
gra.w,/ˈgrafʲ/,grauis,grau,graif 3,/gra.wis/
'gre:.k,/ˈgre:g/,*grēcus,grec,gréc 1,/'gre:.kus/
'gri:.f,/ˈgʲrʲi:v/,grȳphus,gryph,gríb,/'gri:.fus/
ˈha.ba.kuk,/ˈam.bə.kuk./,Habacuc,habacuc,Ambaucuc,/ˈha.ba.kuk/
ha.'be:.n,/ˈa.vəN/,habēna,haben,abann,/ha.'be:.na/
he:.'re.s,/ˈe.rʲəs/,haeresis,haeres,eres,/he:'re.sis/
he:.'re.ti.k,/ˈe.rʲə.dʲəg/,haereticus,haeretic,eritic,/he:.'re.ti.kus/
he.'bre:.,/ˈe.vre/,Hebraeus,hebrae,Ebrae 1,/he.'bre:.us/
he.ri.o.'so.li.m,/ˈi.ru.sə.lʲəɱ/,Heriosolyma,Heriosolym,Irusalem,/he.ri.o.'so.li.ma/
he:.'ro:.de:,/ˈe.ro:ðʲ/,Hērōdēs,herode,Heróid,/he:.'ro:.de:s/
he:.ˈro:.i.k,/ˈe.rʲe:x.ðe/,hērōicus,heroic,eréc\dae,/he:.ˈro:.i.kus/
'he.saw,/e.ˈsaw/,Hesau,Hesau,Esau,/'he.saw/
hi.e.'ro:.ni.m,/ˈkʲi.rʲə.nʲe/,Hierōnymus,hieronym,Cir\ine,/hi.e.'ro:.ni.mus/
'ho.nor,/ˈo.no:rʲ/,honor,honor,onóir,/'ho.nor/
'ho:.r,/ˈo:r/,hōra,hor,úar,/'ho:.ra/
ho.ra.ti.'a:.n,/ˈo.rə.tʲən.de/,horatiānus,horatian,oratian\dae,/ho.ra.ti.'a:.n/
'ho.se.a,/ˈo.se/,Hosea,Hosea,Ossæ,/'ho.se.a/
ˈhu.mi.l,/ˈu.ɱəl/,humilis,humil,umal,/ˈhu.mi.lis/
hu.mi.li.ˈta:.t,/ˈu.ɱəl.do:dʲ/,humilitātem,humilitat,umaldóit,/hu.mi.li.ˈta:.tem/
ja:.'ju:.ni.,/ˈaj.nʲe/,iāiūnium,iaiuni,aíne,/ja:.'ju:.nium/
i:.'do:.l,/ˈi:.ðəl/,īdōlum,idol,ídol,/i:.'do:.lum/
i.'do:.ne.,/ˈi.ðən/,idōneus,idone,idan,/i.'do:.ne.us/
i.du.'me:.,/ˈiə.ðuɱ.ðe/,Idumaea,Idumae,íadum\dae,/i.du.'me:.a/
'je.bus,/ˈe.vu.ste/,Iebus,Iebus,ebus\tae,/'je.bus/
je.'na:.ri.,/ˈje.nər/,*ienārius,ienari,Ienar,/je.'na:.ri.us/
'je:.su:,/ˈi:.su/,Iēsūs,iesu,Ísu,/'je:.su:s/
'je.su.a,/ˈʲe.su/,Iesua,Iesua,Iessu,/'je.su.a/
i.ˈfer.n,/ˈi.fʲərn/,*ifernum,ifern,ifern,/i.ˈfer.nus/
'i:.li.k,/ˈi.lʲəx.ðe,īlicem,ilic,ilec\de,/'i:.li.kem/
'i:.liŋ.n,/ˈi.lʲəɣ.nʲə.ðʲe/,īlignus,ilign,ilign\ide,/'i:.liŋ.nus/
i:.'ma:.go:,/ˈi:.ɱa:ɣʲ/,*īmāgō,imago,ímáig,/i:.'ma:.go:/
ˈim.pro.b,/ˈam.prəɱ/,improbus,improb,amprom,/ˈim.pro.bus/
'i.na.k,/ˈi.nəx.ðe/,Inachus,Inach,inach\dae,/'i.na.kus/
in.ˈdik.ti.o:,/ˈin.dʲəxt/,indictiō,indictio,indecht,/in.ˈdik.ti.o:/
in.fi:.'ni:.t,/ˈinʲ.fʲə.nʲədʲ/,infīnītum,infinit,infinit,/in.fi:.'ni:.tum/
in.'no.ku.,/ˈe.Nəg/,innocuus,innocu,ennac,/in.'no.ku.us/
i:n.skri:.'ben.d,/ˈinʲ.ʃkʲrʲi:.vʲənd/,īnscrībendum,inscribend,inscríbend,/i:n.skri:.'ben.dum/
in.tel.'lek.t,/ˈinʲ.tʲluxt/,intellectus,intellect,intliucht,/in.tel.'lek.tus/
in.ten.ti.o:,/ˈinʲ.tʲəN/,intentiō,intentio,intinn,/in.ten.ti.o:/
in.ter.'jek.ti.o:,/ˈinʲ.tʲə.rʲəxt/,interiectiō,interiectio,interiecht,/in.ter.'jek.ti.o:/
jo.ab,/ˈjo.av/,Ioab,Ioab,Ioäb,/jo.ab/
jo:.'an.ne:,/ˈjo.anʲ/,Iōannēs,ioanne,Iohain,/jo:.'an.ne:s/
jo:b,/ˈjo:v/,Iōb,Iob,Iób,/jo:b/
'jo.na.ta:n,/ˈjo.na.θan/,Ionathān,Ionathan,Ionathan,/'jo.na.ta:n/
ˈjor.da.ne:n,/ˈjor.da.nʲe:n/,Iordanēn,Iordanēn,Iordanén,/ˈjor.da.ne:n/
jo:.'se:.f,/ˈjo.ʃiəv/,Iōsēphus,Ioseph,Ioseph,/jo:.'se:.fus/
i:.ro:.ˈni:.,/ˈi:.ro:nʲ/,īrōnīa,ironi,íróin,/i:.ro:.ˈni:.a/
ˈi.sa.a:k,/ˈi.sa.ak/,Isaāc,Isaac,Isáac,/ˈi.sa.a:k/
'is.majl,/ˈi.smajl/,Ismael,Ismael,Ismaíl,/'is.majl/
is.ˈra:.e:l,/ˈi.sra.el/',Isrāēl,Isrāēl,Israël,/is.ˈra:.e:l/
i.ˈta.li.,/ˈe.da:lʲ/,italia,itali,Etáil,/i.ˈta.li.a/
ju:da,/ˈju:.ða/',Iūdās,iuda,Iuda,/ju:da:s/
ju:da,/ˈju:.ðəs/',Iūdās,iuda,Iudas,/ju:da:s/
ju:.'de:.,/ˈju:.ðe.i/',Iūdaeus,iudae,Iúdaei,/ju:.'de:.us/
'ju:.li.,/ˈju:lʲ/,Iūlius,iuli,iúil,/'ju:.li.us/
ka.'len.d,/ˈka.lənd/,Kalendae,kalend,caland,/ka.'len.de:/
ka.'len.d,/ˈko.Lən.də.rəxt/,Kalendae,kalend,colland\oracht,/ka.'len.de:/
la.'bo:.r,/ˈlu.vərʲ/,labōrem,labor,lubair,/la.'bo:.rem/
'la:.i.k,/ˈlajx/,lāicus,laic,láech,/'la:.i.kus/
'la:.mi.n,/ˈlaN/,lāmina,lamin,lann,/'la:.mi.na/
'la:r.t,/ˈlart/,Lartem,lart,lart,/'la:r.tem/
'la.ter,/ˈla.tʲər/,later,later,later,/'la.ter/
la.'ti:.n,/ˈla.dʲən/,Latīna,latin,Laiten,/la.'ti:.na/
la.'ti:.n,/ˈla.dʲən/,Latīnus,latin,Latin,/la.'ti:.nus/
la.'tro:n,/ˈla.drəN/,latrōnem,latron,latrann,/la.'tro:.nem/
law.'ren.ti.,/ˈlaw.rʲən.tə.ðʲe,Laurentium,laurenti,laurent\ide,/law.'ren.ti.um/
'lak.s,/ˈlaxs/,laxus,lax,lax,/'lak.sus/
'le.g,/ˈlʲe:.ɣəðʲ/,legō,leg,lég\aid,/'le.go:/
le.'gen.d,/ˈlʲe:.ɣʲənd/,legendum,legend,léigend,/le.'gen.dum/
'le.gi.o:,,legiōnem,legion,leigeón,/'le.gi.o:/
'le.gi.o:,,legiōnem,legion,léigeón,/'le.gi.o:/
'le.o:,/ˈlʲew/,leō,leo,leo,/'le.o:/
le.wi.'a:.tan,/ˈlʲe.vʲə.ða:n/,Leviāthan,leviathan,Lebedán,/le.wi.'a:.tan/
le:.wi:.t,,Lēvītēs,Levit,Leuit\e,/le:.wi:.te:s/
'li.ba.n,/lʲew.an/,Libanus,Liban,leuan,/'li.ba.nus/
'li.br,/ˈlʲe.vər/,librum,libr,lebor,/'li.brum/
'li.ket,/ˈlʲe.gʲəd/,licet,licet,lecet,/'li.ket/
ˈli.gu.r,/ˈlʲi.ɣər.ðe/,Ligurēs,Ligur,ligor\dae,/ˈli.gu.re:s/
'li:.n,/ˈlʲi:n.de/,līnum,lin,lín\dae,/'li:.num/
'li:.ne.,/ˈlʲi:.nʲəx/,līnea,line,lín\ech,/'li:.ne.a/
'li.kwi.d,/ˈlʲex.ðəɣʲ.θʲe/,liquidus,liquid,lechd\aig\the,/'li.kwi.dus/
'li:.t,/ˈlʲi:θ/,lītus,lit,líth,/'li:.tus/
li.'ta.ni.,/ˈlʲi.da:n/,litania,litani,litán,/li.'ta.ni.a/
'lit.te.r,/ˈlʲi.tʲər/,littera,litter,litter,/'lit.te.ra/
'lo.k,/lˈog/,locus,loc,loc,/'lo.kus/
'loŋ.g,/ˈloŋ/,(nāvis) longa,long,long 1,/'loŋ.ga/
lo:.'ri:.k,/ˈlu:.rəx/,lōrīca,loric,lúirech,/lo:.'ri:.ka/
'lu.ka,/lu.kəs/,Lucas,luca,Lucas,/'lu.kas/
lu:.'ker.n,/ˈlo:.xərn/,*lūcerna,lucern,lócharn,/lu:.'ker.na/
'lu:.ki.fer,/lu.kʲə.fʲər/,lūcifer,lucifer,Lucifer,/'lu:.ki.fer/
lu.'na:.r,/ˈlu.na:rʲ/,*lunāris,lunar,lunáir,/lu.'na:.ris/
mak.ka.'be:.,/ˈma.xəv.ðe/,Maccabaeus,Maccabae,machab\dae,/mak.ka.'be:.us/
mak.ka.ˈbe:.,/ˈma.xə.ve/,Maccabaeus,Maccabae,Machabae,/mak.ka.ˈbe:.us/
ma.ke.'do.ni.,/ˈma.kʲə.ðo:n.de/,Macedonia,macedoni,Maccidón\dae,/ma.ke.'do.ni.a/
ma.'ke.ri.,/ˈma.gre/,maceria,maceri,macrae,/ma.'ke.ri.a/
'ma.ku.l,/ˈma:.xəLʲ/,macula,macul,máchaill,/'ma.ku.la/
ˈma.ku.l,/ˈmo.gəl/,macula,macul,mocol,/ˈma.ku.la/
ma.'gis.ter,/ˈma.ɣʲə.ʃtʲər/,magister,magister,maigister,/ma.'gis.ter/
mal.'di:.k,/ˈmal.də.xəðʲ/,*maldīcō,maldic,maldach\aid,/mal.'di:.ko:/
mal.'dik.ti.o:,/ˈmal.dəxt/,*maldictiō,maldictio,maldacht,/mal.'dik.ti.o:/
ma.na.'ki:.,/ˈma.nəx/,*manachus,manach,manach,/ma.na.'ki:.um/
'ma.na.k,/ˈmanʲ.xʲe/,*manachīum,manachi,mainche,/'ma.na.kus/
ma.'nas.se,/ma.Nʲə.ʃe/,Manassēs,manasse,Mannese,/ma.'nas.se:s/
'ma.ni.a,/ˈma:.nʲə/,mania,mania,máinia,/'ma.ni.a/
'man.n,/ˈmaN/,manna,mann,mann,/'man.na/
ma.'ri:.,/ˈma.rʲe/,Marīa,mari,Maire,/ma.'ri:.a/
ma.ˈri:.a,/maˈrʲi.a/,Marīa,Maria,Maria,/ma.ˈri:.a/
'ma:r.k,/ˈmark/,Mārcus,marc,Marc,/'ma:r.kus/
ma:r.'kel.l,/ˈmar.kəLʲ/,Mārcellus,Marcell,Marcill,/ma:r.'kel.lus/
mar.'do.ke.,/ˈmor.də.xʲe.i/,Mardocheus,Mardoche,Mordochei,/mar.'do.ke.us/
mar.ga.'ri:.t,/ˈmar.gə.rʲe:d/,margarīta,margarit,margarét,/mar.ga.'ri:.ta/
ˈmar.gi.n,/ˈmar.gən/,marginem,marginem,margan,/ˈmar.gi.nem/
'mar.mor,/ˈmar.mər/,marmor,marmor,marmar,/'mar.mor/
'ma:r.t,/ˈmarʲtʲ/,(diēs) mārtis,mart,mairt,/'ma:r.tis/
'mar.t,/ˈmart/,Martis,mart,Mart,/'mar.tis/
'mar.tir,/ˈmar.tər/,martyr,martyr,martar,/'mar.tir/
'mas.ku.l,/ˈma.skul/,masculus,mascul,mascul,/'mas.ku.lus/
mas.ku.'li:.n,/ˈma.sku.lʲən.de/,masculīnus,masculin,masculin\dae,/mas.ku.'li:.nus/
'mas.s,/ˈmas/,massa,mass,mass,/'mas.sa/
ma'ti:.n,/ˈma.dən/,(hōra) matīna,matin,matan,/ma'ti:.na/
'me:.d,/ˈmʲeð/,Mēdus,Med,Med 2,/'me:.dus/
ˈme.di.k,/ˈmʲi.ðəx/,medicus,medic,midach,/ˈme.di.kus/
mel.'ki.se.dek,/ˈmʲel.kə.ʃə.ðʲəx/,Melchisedech,Melchisedech,Melchisedech,/mel.'ki.se.dek/
ˈmem.brum,/ˈmʲem.brum/,membrum,membr,membrumm,/ˈmem.brum/
me.'mo.ri.,/ˈmʲe.vurʲ/,memoria,memori,mebuir,/me.'mo.ri.a/
me.'mo.ri.,/ˈmʲe.mre/,memoria,memori,memmrae,/me.'mo.ri.a/
men.'di:.k,/ˈmʲinʲ.dʲəx/,mendīcus,mendic,mindech,/men.'di:.kus/
mer.'ku.ri.,/ˈmʲer.kurʲ/,Mercurius,mercuri,MercUir,/mer.'ku.ri.us/
me.ˈre.tri.k,/ˈmʲerʲ.dʲrʲəx/,meretricem,meretric,meirdrech,/me.ˈre.tri.kem/
me.'su:.r,/ˈmʲe.sər/,*mesūra,mesur,messar,/me.'su:.ra/
'me.tr,/ˈmʲe.dər/,metrum,metr,metar 1,/'me.trum/
me:.'tro.po.l,/ˈme.drə.bəlʲ/,mētropolis,metropol,metrapoil,/me:.'tro.po.lis/
'mi.ka.e:l,/ˈmʲi:.xʲe:l/,Michaēl,Michael,Míchél,/'mi.ka.e:l/
'mi:.le,/ˈmʲi:l/,mīles,mile,míl 2,/'mi:.les/
'mi:.li.,/ˈmʲi:.lʲe/,mīlia,mili,míle,/'mi:.li.a/
'mi:.n,/ˈmʲin/,mīnus,min,min 1,/'mi:.nus/
mi:.'ra:.bi.l,/ˈmʲi:r.vəlʲ/,mīrābilis,mirabil,mírbail,/mi:.'ra:.bi.lis/
'mo:.ab,/ˈmo.av/',Mōab,Moab,Moab,/'mo:.ab/
'mo.d,/ˈmoð/,modus,mod,mod,/'mo.dus/
'mo.di.,/ˈmu.ðʲe/,modius,modi,muide,/'mo.di.us/
mo.'li:.n,/ˈmu.lʲəN/,molīna,molin,muilenn,/mo.'li:.na/
mo.nas.'te:.ri.,/ˈmo.nʲə.ʃtʲərʲ/,monastērium,monasteri,moinistir,/mo.nas.'te.ri.um/
mo.'ne:.t,/ˈmo.nəð/,monēta,monet,monad,/mo.'ne:.ta/
mo.nis.'te.ri.,/ˈmunʲ.tʲər/,*monistērium,monisteri,muinter,/mo.nis.'te.ri.um/
mo:.'ra:.lis,/ˈmo.ra:.lus/,*morālis,moralis,morálus,/mo:.'ra:.lis/
mor.ˈta:.li.ta,/ˈmor.tləθʲ/,mortālitas,mortālita,mortlaith,/mor.ˈta:.li.ta.s/
mor.ti.'ki.ni.,/ˈmorʲtʲ.xʲəN/,morticinium,morticini,moirtchenn,/mor.ti.'ki.ni.um/
mo.ˈi:.se:,/ˈmo.i.ʃi/,Mō̆ȳsēs,Mō̆ȳsē,Moysi,/mo.ˈi:.se:s/
'mu:.l,/ˈmu:l/,mūlus,mul,múl,/'mu:.lus/
'mu:.r,/ˈmu:r/,mūrus,mur,múr,/'mu:.rus/
'mu:.t,/ˈmu:t/,mūtus,mut,mút,/'mu:.tus/
'mir.t,/ˈmʲirt/,myrtus,myrt,mirt–,/'mir.tus/
na.bu.ko.'do.no.sor,/ˈnav.kə.ðən/,Nabuchodonosor,Nabuchodonosor,Nabcodon,/na.bu.ko.'do.no.sor/
na.bu.ko.'do.no.sor,/ˈnav.kə.ðə.nə.sər/,Nabuchodonosor,Nabuchodonosor,Nabcodonozor,/na.bu.ko.'do.no.sor/
na.ta:.'li.ki.,/ˈno.dləgʲ/,*natālicius,natalici,notlaic,/na.ta:.'li.ki.us/
'na.tan,/ˈna.θən/,Nathan,Nathan,Nathan,/'na.tan/
ˈnew.tr,/ˈnʲew.dur/,neutrum,neutr,neutur,/ˈnew.trum/
new.'tra:.l,/ˈnʲew.du.ra:l.de/,neutrālis,neutral,neuturál\dae,/new.'tra:.lis/
ˈni.hil,/ˈnʲi.e.ləs/',nihil,nihil,nihel\as,/ˈni.hil/
'no:.e:,/ˈno.e/,Nōē,Noe,Nóë,/'no:.e:/
ˈno:.n,/ˈno:n/,nōna,non,nón,/ˈno:.na/
'no.t,/ˈnod/,nota,not,not,/'no.ta/
'no.t,/ˈno.θəθ/,nothus,noth,nothath,/'no.tus/
'nu.me.r,/ˈnu.ɱʲərʲ/,numerus,numer,nuimir,/'nu.me.rus/
'nun,/ˈnun/,Nun,nun,Nun,/'nun/
'o.be.l,/ˈo.vʲəl/,obelus,obel,obel,/'o.be.lus/
ob.'la:.t,/ˈov.le/,oblāta,oblat,oblae,/ob.'la:.ta/
'o.kre.,/ˈo.xrə/,ocreae,ocre,ochra,/'o.kre.e:/
ok.'tem.ber,/ˈox.təmʲ.bʲərʲ/,*octember,octember,Ochtimbir,/ok.'tem.ber/
of.fe.'ren.d,/ˈo.fʲrʲənd/,offerendum,offerend,oifrend,/of.fe.'ren.dum/
o.'le.,/ˈo.le/,oleum,ole,olae,/o.'le.um/
'o.pe.r,/ˈo.bər/,opera,oper,opar,/'o.pe.ra/
op.ta:.'ti:.w,/ˈob.tədʲ/,optātīuus,optatiu,optait,/op.ta:.'ti:.wus/
o.'ra:.kl,/ˈa.rə.gəl/,*orāclum,oracl,aracol,/o.'ra:.klum/
o.'ra:.kl,/ˈorʲ.gʲlʲəx/',*orāclum,oracl,oirgl\ech,/o.'ra:.klum/
o.'ra:.ti.o:,/ˈo.ro:dʲ/,*orātiō,oratio,oróit,/o.'ra:.ti.o:/
o.'ra:.ti.o:,/ˈor.θə/,*orātiō,oratio,ortha,/o.'ra:.ti.o:/
'or.di.n,/ˈor.dən/,ōrdinem,ordin,ordan,/'o:r.di.no:/
'or.di.n,/ˈorʲdʲ.nʲəðʲ/,ōrdinō,ordin,oirdn\id,/'o:r.di.no:/
'o:r.do:,/ˈord/,ōrdō,ordo,ord 1,/'o:r.do:/
'or.ga.n,/ˈor.ga:n/,organum,organ,orgán,/'or.ga.num/
o.ri.'en.t,/ˈo.rʲi.ent,orientem,orient,Orient,/o.ri.'en.tem/
pa:.k,/ˈpo:g/,pācem,pac,póc,/pa:.kem/
pa.le:s.'ti:.na,/ˈpa.lə.ʃtʲə.na/,Palaestīna,Palaestina,Palastina,/pa.le:s.'ti:.na/
pal.la.ˈki:.n,/ˈpal.nəx.ðe/,pallacīnus,pallacin,palnac\de,/pal.la.ˈki:.nus/
'pal.li.,/ˈka.Lʲe/,pallium,palli,caille,/'pal.li.um/
'pan.n,/ˈkaN/,panna,pann,cann,/'pan.na/
pa:.'pi.li.o:,/ˈpu.bəL/,pāpiliō,papilio,pupall,/pa:.'pi.li.o:/
pa.'ra.bo.l,/ˈpa.rə.vəlʲ/,parabola,parabol,parabail,/pa.'ra.bo.la/
pa.'ra.bo.l,/ˈpar.vəlʲ/,parabola,parabol,parbail,/pa.'ra.bo.la/
pa.ra.'di:.s,/ˈpar.dəs/,paradīsus,paradis,Pardas,/pa.ra.'di:.sus/
ˈpar.t,/ˈparʲtʲ/,partem,part,pairt,/ˈpar.tem/
pa.'ru.ki.,/ˈparʲ.xʲe/,paruchia,paruchi,pairche,/pa.'ru.ki.a/
'pa:s.k,/ˈka:sk/,Pāscha,pasch,cásc,/'pa:s.ka/
'pas.ser,/ˈpa.ʃər/,passer,passer,passer,/'pas.ser/
'pa.ter,/ˈpa.dʲər/,pater,pater,paiter,/'pa.ter/
pa:.'tri.ki.,/ˈpa.drəgʲ/,*Pātricius,patrici,Pátric,/pa.'tri.ki.us/
pa.'tri.ki.,/ˈko.θrə.ɣʲe/,Patricius,patrici,Cothrige,/pa.'tri.ki.us/
'paw.l,/ˈpo:l/,Paulus,paul,Pól,/'paw.lus/
'pak,/ˈpa:ks/,pāx,pax,pács,/'pa:ks/
pek.'ka:.t,/ˈpʲ.ekəθ/,peccātum,peccat,peccath,/pek.'ka:.tum/
pe.'le.,/ˈpʲe:.lʲəx.ðe/,Peleus,Pele,pél\ech\dae,/pe.'le.us/
pe.'li.k,/ˈkulʲ.xʲe/,*pelicius,pelici,cuilche,/pe.'li.ki.a/
ˈpe:.n,/ˈpʲen/,pena,pen,pén,/ˈpe:.na/
pe.ni.ˈt,/ˈpʲe.Nʲədʲ/,*penitēre,penit,pennit,/pe.ni.ˈte:.re/
ˈpen.na,/ˈpʲeN/,penna,penn,penn,/ˈpen.na/
pen.'ten.ti.,/ˈpʲe.Nənʲdʲ/,*pententia,pententi,pennaind,/pen.'ten.ti.a/
pe:.'nul.ti.m,/ˈpʲe.nʲulʲtʲ/,pēnultima,penultim,peneuilt,/pe:.'nul.ti.ma/
'per.s,/ˈpʲers/,Persa,pers,Pers,/'per.sa/
per.'so:.n,/ˈpʲer.sən/,persōna,person,persan,/per.'so:.na/
'pe:.s,/ˈpʲi:s/,*pēsum,pes,pís,/'pe:.sum/
'pe.tr,/ˈpʲe.dər/,Petrus,petr,Petar,/'pe.trus/
fa.e.ˈton.ti.a,/ˈfʲe.tən.tə.ðʲe/,Phaëthontias,Phaëthontia,Fetont\ide,/fa.e.ˈton.ti.as/
fi.'le:.mo:n,/fʲi.lə.ɱo:nʲ/,Philēmōn,Philemon,Philomóin,/fi.'le:.mo:n/
fi.li.pi.a.'ne:n.s,/ˈfʲi.lʲə.pʲən.ste/,philipianēnsis,philipianens,Philipians\tae,/fi.li.pi.a.'ne:n.sis/
fi.'lis.tim,/ˈfʲli.ʃtʲəm/,Philisthim,Philisthim,Flistim,/fi.'lis.tim/
'fil.li.p,/ˈpʲi.lʲəb/,Phillipus,Phillip,Pilip,/'fil.li.pus/
fi.'lo.so.f,/ˈfʲel.suv/,philosophus,philosoph,felsub,/fi.'lo.so.fus/
fir.ˈra.di.,/ˈfʲir.ðe/,Phirradios,Phirradi,phir\de,/fir.ˈra.di.os/
'pi.ber,/ˈʃkʲi.vər/,*piber,piber,scibar,/'pi.ber/
'pik.t,/ˈkʲixt/,pictus,pict,cicht,/'pik.tus/
ˈpi:.n,/ˈpʲi:n/,pīnus,pin,pín,/ˈpi:.nus/
pi:.pi.'o:n,/ˈkʲi:.xə.nəx/,pīpiōnem,pipion,cíchan\ach,/pi:.pi.'o:nem/
'pi.s,/ˈpʲiʃ/,pisum,pis,pis,/'pi.sum/
'pla:.g,/ˈpla:ɣ/,plāga,plag,plág,/'pla:.ga/
'plan.t,/ˈkland/,planta,plant,cland,/'plan.ta/
pla.'te:.,/ˈpladʲ/,platēa,plate,plait,/pla.'te:.a/
'plek.t,/ˈkʲlʲext/,plecta,plect,clecht,/'plek.ta/
'plu:.m,/ˈklu:ɱ/,plūma,plum,clúm,/'plu:.ma/
pom.'pej,/ˈpomʲpʲ/,Pompeius,pompei,Poimp,/pom.'pej.jus/
'pon.d,/ˈpond/,pondus,pond,pond,/'pon.dus/
ˈpon.ti.pi.ˈla:.ti.,/ˈponʲtʲ.fʲə.lət/,Pontius Pilātius,ponti pilati,Pontfelat,/ˈpon.ti.us.pi.ˈla:.ti.us/
'po:.pu.l,/ˈpo.bul/,populus,popul,popul,/'po:.pu.lus/
'po.pu.l,/ˈpo:.bəl/,pōpulus,popul,pópol,/'po.pu.lus/
'por.t,/ˈport/,portus,port,port,/'por.tus/
po.si.'ti:.w,/ˈpo.ʃədʲ/,positīuus,positiu,posit,/po.si.'ti:.wus/
pre.'kep.t,/ˈpʲrʲe.gʲəpt/,praeceptum,praecept,preicept,/pre'kep.tum/
ˈpran.di.,/ˈpronʲdʲ/,prandium,prandi,proind,/ˈpran.di.um/
ˈpre.do:,/ˈpʲrʲe.dəðʲ/,*predō,pred,pret\aid,ˈ/pre.do:/
pre.'di:.k,/ˈpʲrʲið.xəðʲ/,*predīcō,predic,pridch\aid,/pre.'di:.ko:/
'pre.mi.ter,/ˈkruɱʲ.θʲər/,*premiter,premiter,cruimther,/'pre.mi.ter/
'pri:.m,/ˈpʲrʲi:ɱ/,prīmus,prim,prím,/'pri:.mus/
pri.'mi.ti.,/ˈpʲri:.ɱədʲ/,primitiae,primiti,prímit,/pri.'mi.ti.e:/
pris.ki.'a:.n,/ˈpʲrʲes.kʲi.e:n/,Prisciānus,Priscian,Prescien,/pris.ki.'a:.nus/
pris.'kil.l,/ˈpʲrʲis.kəLʲ/,Priscilla,Priscill,Priscill,/pris.'kil.la/
'pro.b,/ˈpro.ɱəðʲ/,probō,prob,prom\aid,/'pro.bo:/
pro.'me:.te.,/ˈpro.ɱə.ðʲe/,Promētheus,Promethe,promith\ide,/pro.'me:.te.us/
'pro.pri.,/ˈpro.bʲərʲ/,proprium,propri,propir,/'pros.pe.rus/
ˈpros.pe.r,/ˈpro.spərʲ/,Prosperus,prosper,Prospir,/ˈpros.pe.rus/
psal.'l,/ˈsa.Lənd/,psallendum,psallend,salland,/psal.'len.dum/
'psal.m,/ˈsalm/,psalmus,psalm,salm,/'psal.mus/
psal.'te:.ri.,/ˈsal.tərʲ/,psaltērium,psalteri,saltair,/psal.'te:.ri.um/
pu.'gla:.ri.,/ˈpo:.lə.rʲe/,*puglāria,puglari,pól\ire,/pu.'gla:.ri.a/
'puŋ.n,/ˈkuən/,pugnus,pugn,cúan,/'puŋ.nus/
'pul.t,/ˈkolt/,pulta,pult,colt,/'pul.ta/
'pu:ŋk.t,/ˈpoŋk/,pūnctum,punct,ponc,/'pu:ŋk.tum/
'pu:ŋk.t,/ˈpuŋkt/,pūnctum,punct,punct,/'pu:ŋk.tum/
pur.ga.'to:.ri.,/ˈpur.gə.do:rʲ/,purgatōrium,purgatori,purgatóir,/pur.ga.'to:.ri.um/
'pur.pu.r,/ˈkor.kur/,purpura,purpur,corcur,/'pur.pu.ra/
'pu.te.,/ˈku.θʲe/,puteus,pute,cuithe,/'pu.te.us/
'kwajs.ti.o:,/ˈkʲeʃtʲ/,quaestiō,quaestio,ceist,/'kwajs.ti.o:/
kwa.ra:.'ge:s.m,/ˈkor.ɣas/,*quarāgēsma,quaragesm,corgus,/kwa.ra:.'ge:s.ma/
'kwa:.re:,/ˈkarʲ/,quare,quare,cair,/'kwa:.re:/
'kwi:.n,/ˈkʲi:nʲ/,quīna,quin,cín,/'kwi:.na/ 
kwiŋ.kwa:.'ge:s.m,/ˈkʲiŋ.kʲə.ɣʲəs/,*quinquāgēsma,quinquagesm,cingciges,/kwiŋ.kwa:.'ge:s.ma/
'kwi.ri.k,/ˈkʲi.rʲək/,Quiricus,Quiric,Ciric,/'kwi.ri.kus/
'rab.sa.ke:n,/ˈrav.sə.kʲe:n/,Rabsacēn,Rabsacen,Rabsacen,/'rab.sa.ke:n/
ˈra:.m,/ˈra:ɱʲ/,rāmus,ram,ráim,/ˈra:.mus/
're:.a.t,/ˈrʲe:.du/,*rēatus,reat,rétu,/'re:.a.tus/
're:.gu.l,/ˈrʲiə.ɣəl/,rēgula,regul,riagol,/'re:.gu.la/
re.'li.kwi.,/ˈre.lʲəgʲ/,reliquiae,reliqui,reilic,/re.'li.kwi.e:/
re.'to.ri.k,/ˈrʲe.do.rʲəgʲ/,*rhetoricē,rhetorice,retoiric,/re.'to.ri.ke:/
'ro:.m,/ˈro:ɱ/,Rōma,rom,Rúam,/'ro:.ma/
ro:.'ma:.n,/ˈro:.ɱa:n/,rōmānus,roman,rómán,/ro:.'ma:.nus/
'ro:.mu.l,/ˈro.ɱulʲ/,Rōmulus,romul,romuil,/'ro:.mu.lus/
'ro:.s,/ˈro:s/,*rōsa,ros,rós,/'ro:.sa/
'rub.r,/ˈro.vur/,rubrum,rubr,robur,/'rub.rum/
'rus.k,/ˈru:sk/,ruscum,rusc,rúsc,/'rus.kum/
'sab.ba.t,/ˈsa.bədʲ/,sabbatum,sabbat,sabbait,/'sab.ba.tum/
sa.'bi:.n,/ˈsa.vʲən.de/,Sabīnī,sabin,sabin\dae,/sa.'bi:.ni:/
sa.'kel.l,/ˈsa.xəL/,Sacellus,Sacell,Sachall,/sa.'kel.lus/
sa.'ker.d,/ˈsa.gərt/,sacerdōs,sacerdo,sacart,/sa.'ker.do:s/
sa.'ker.do.tal,/ˈsa.gər.də.tə.ləxt/,sacerdotal,sacerdotal,sacerdotal\acht,/sa.'ker.do.tal/
sa.kər.'fi.ki.,/ˈsa.kər.vəkʲ/,*sacrficium,sacrfici,sacarbaicc,/sa.kər.'fi.ki.um/
ˈsaj.ku.l,/ˈsaj.ɣul/,saeculum,saecul,sáegul,/ˈsaj.ku.lum/
sa.'gel.l,/ˈsa.xəLʲ/,sagellum,sagell,sachaill [?],/sa.'gel.lum/
sa.'git.t,/ˈsa.ɣʲəd/,sagitta,sagitt,saiget,/sa.'git.ta/
sa.'li:.w,/ˈsa.lʲe/,salīua,saliu,saile,/sa.'li:.wa/
'sal.t,/ˈsalt/,saltus,salt,salt,/'sal.tus/
'sam.so:n,/ˈsaɱ.so:n/,Samsōn,Samson,Samsón,/'sam.so:n/
saŋk.ˈta:.ri.,/ˈsaŋk.ta:rʲ/,*sanctārium,sanctari,sanctáir,/saŋk.ˈta:.ri.um/
'sap.fir,/ˈsa.fʲər/,sapphir,sapphir,saphir,/'sap.fir/
'sa.ra,/ˈsa.rə/,Sara,Sara,Sara,/'sa.ra/
ˈsa.ta.e:l,/ˈsa.θʲəl/,Satahēl,Satahel,Sathel,/ˈsa.ta.e:l/
ˈsa.tan,/sa.tən/,Satan,Satan,satan,/ˈsa.tan/
sa.'tur.n,/ˈsa.θərn/,*Saturnus,Saturn,satharn,/sa.'tur.nus/
sa.ˈtur.n,/ˈsa.durn/,Saturnus,Saturn,Saturn,/sa.ˈtur.nus/
ˈsa.u:l,/sawl/,Saūl,Saul,Saul,/ˈsa.u:l/
'ski:.pi.o:,/ˈʃkʲip/,Scīpiō,scipio,Scip,/'ski:.pi.o:/
'sko:.p,/ˈskuəb/,scōpa,scop,scúap,/'sko:.pa/
sko:.'pa:.ri.,/ˈʃkʲi.bəl/,scōpārium,scopari,scioból,/sko:.'pa:.ri.um/
'skri:.b,/ˈʃkʲrʲi:.vəðʲ/,scrībō,scrib,scríb\aid,/'skri:.bo:/
skri:.'ben.d,/ˈʃkʲrʲi:.vʲənd/,scrībendum,scribend,scríbend,/skri:.'ben.dum/
'skri.pl,/ˈʃkʲrʲe.bul/,*scriplus,scripl,screpul,/'skri.plus/
ˈskrip.tr,/ˈʃkʲrʲeb.tər/,*scriptra,scriptr,screptar,/ˈskrip.tra/
skri:p.'tu:.r,/ˈʃkʲrʲib.turʲ/,scrīptūra,scriptur,scriptuir,/skri:p.'tu:.ra/
'skru:.pu.l,/ˈskru.vəl/,scrūpulus,scrupul,scrubl,/'skru:.pu.lus/
'skru:.t,/ˈskru:.dəðʲ/,scrūtor,scrut,scrút\aid,/'skru:.tor/
skru:.'ti.ni.,/ˈskru:.dən/,scrūtinium,scrutini,scrútan,/skru:.'ti.nium/
se.'ka:.le,/ˈʃe.gəl/,secāle,secale,secal,/se.'ka:.le/
se.ˈkun.dˈab.ba:,/ˈʃek.nəb/,secundus abbās,secund abba,secndap,/se.ˈkun.dusˈab.ba:s/
se.'kun.di.,/ˈʃek.ne/,Secundius,secundi,Secnde,/se.'kun.di.us/
se.kun.'di:.n,/ˈʃex.nəL/,Secundīnus,Secundin,Sechnall,/se.kun.'di:.nus/
se:.kre:.t,/ˈʃe.gʲrʲe:dʲ/,sēkrētus,sekret,seicréit,/se:.kre:.tus/
'se.me.i:,/ˈʃe.ɱʲe.i/,Semeī,Semei,Semei,/'se.me.i:/
'se.na.tor,/ˈʃe.nə.do:rʲ/,senator,senator,senatóir,/'se.na.tor/
'se:n.s,/ˈʃe:ʃ/,sēnsus,sens,séis,/'se:n.sus/
ˈse:n.s,/ˈʃiəns/,sēnsus,sens,síans,/ˈsen.sus/
sep.tem,/ˈʃep.tʲi.e:n/,septem,septem,Septién,/sep.tem/
sep.ti.'ma:.n,/ˈʃext.ɱən/,septimāna,septiman,sechtmon,/sep.ti.'ma:.na/
'se.ra.fi:n,/ˈʃe.ru.pʲi:n/,seraphīn,seraphin,Serupín,/'se.ra.fi:n/
'ser.gi.,/ˈʃe.rʲə.ga:n/,Sergius,Sergi,Sericán,/'ser.gi.us/
'ses.t,/ˈʃest/,*sesta,sest,sest,/'ses.ta/
ses.'ta:.ri.,/ˈʃe.srə/,*sestārius,sestari,sesra,/ses.'ta:.ri.us/
'se:t,/ˈʃe:θ/,Sēth,Seth,Séth,/'se:t/
si.'ki.li.,/ˈʃi.kʲəl.de/,Sicilia,sicili,Sicel\de,/si.'ki.li.a/
si.'gil.l,/ˈʃi.ɣʲlʲə.θʲe/,sigilla,sigill,sigl\ithe,/si.'gil.la/
ˈsiŋ.n,/ˈʃe:n/,signum,sign,sén 1,/ˈsiŋ.num/
ˈsi.mo:n,/ˈʃi.ɱo:n/,Simōn,Simon,Simón,/ˈsi.mo:n/
'si.on,/ˈʃi.o:n/,Sion,Sion,Sïón,/'si.on/
ˈsi:.tu.l,/ˈʃi:.θəl/,*sītula,situl,síthal,/ˈsi:.tu.la/
'so:.kra.t,/ˈso.gra:dʲ/,Sōcratēs,socrat,Socráit,/'so:.kra.te:s/
'so.do.m,/ˈso.ðəɱ/,Sodoma,Sodom,Sodaim,/'so.do.ma/
ˈso.l,/ˈsol/,solum,sol,sol,/ˈso.lum/
sol.ˈlem.ne,/ˈso.Lu.mun/,sollemne,sollemne,sollummun,/sol.ˈlem.ne/
'so.lo.mo:n,/ˈso.ləɱ/,Solomōn,Solomon,Solam 2,/'so.lo.mo:n/
'so.n,/ˈson/,sonus,son,son 1,/'so.nus/
so:s.te.ne:s,/sus.tə.nʲəs/,Sōsthenēs,Sosthenes,Susthenes,/so:s.te.ne:s/
'spe:.ku.l,/ˈʃpʲe:.glə/,*spēcula,specul,spécla,/'spe:.ku.la/
spi.'ra.ku.l,/ˈʃpʲi.rə.gul/,spiraculum,spiracul,spiracul,/spi.'ra.ku.lum/
spir.'ta:.l,/ˈʃpʲir.ta:l.de/,*spirtālis,spirtal,spirtál\de,/spir.'ta:.lis/
'spir.tu,/ˈʃpʲiwrt/,*spirtus,spirtu,spiurt,/'spir.tus/
'staŋ.n,/ˈsta:n/,stagnum,stagn,stán,/'staŋ.num/
'ste.pa.n,/ˈʃtʲe.fa:n/,Stephānus,Stephan,Stephán,/'ste.pa.nus/
ˈsto.ri.,/ˈstorʲ/,*storia,stori,stoir,/ˈsto.ri.a/
stra:.t,/ˈsra:dʲ/,strāta,strat,sráit,/stra:.ta/
stra.'tu:.r,/ˈsra.θər/,*stratūra,stratur,srathar,/stra.'tu:.ra/
'stup.p,/ˈsop/,stuppa,stupp,sopp,/'stup.pa/
'su:.a.wis,/ˈsuə.vəʃ/,*sūauis,suauis,súabais,/'su:.a.wis/
'su:.k,/ˈsu:ɣ/,*sūcus,suc,súg,/'su:.kus/
su.per.la:.'ti:.w,/ˈsu.ber.lədʲ/,superlātīuus,superlatiu,superlait,/su.per.la:.'ti:.wus/
'sil.la.b,/ˈʃi.Ləv/,syllaba,syllab,sillab,/'sil.la.ba/
'sim.ma.k,/ˈʃi.məx/,Symmachus,symmach,Simmach,/'sim.ma.kus/
'si.no.d,/ˈʃe.nəð/,synodus,synod,senad 1,/'si.no.dus/
'si.r,/ˈʃer/,Syrus,syr,ser,/'si.rus/
ta.bel.l,/ˈta.vəL/,tabella,tabell,taball,/ta.bel.la/
ta.bel.'la:.ri.,/ˈta.vlə.rʲe/,tabellārius,tabellari,tablaire,/ta.bel.'la:.ri.us/
'ta:.bu.l,/ˈta:.vəL/,*tābula,tabul,táball,/'ta:.bu.la/
ta.ˈlen.t,/ˈta.Lənd/,talentum,talent,talland,/ta.ˈlen.tum/
tar.'se:n.s,/ˈtar.sən.de/,tarsēnsis,tarsens,tarsen\dae,/tar.'se:n.sis/
'te.la.mo:n,/ˈtʲe.lə.ɱo:n.de/,Telamōn,Telamon,telamón\de,/'te.la.mo:n/
ˈtem.pl,/ˈtʲem.pul/,templum,templ,tempul,/ˈtem.plum/
ˈter.ti.,/ˈtʲert/,tertia,terti,tert,/ˈter.ti.a/
'tes.t,/ˈtʲeʃtʲ/,testis,test,teist,/'tes.tis/
tes.ti.'mo:.ni.,/ˈtʲe.ʃtʲə.ɱʲənʲ/,testimōnium,testimoni,teistimin,/tes.ti.'mo:.ni.um/
'ta.bor,/ˈta.vo:r/,Thabor,Thabor,Tabór,/'ta.bor/
'te:.k,/ˈtʲiəɣ/,thēca,thec,tíag,/'te:.ka/
te.'o.ri.,/ˈtʲe.orʲ/',theoria,theori,teöir,/te.'o.ri.a/
ˈte:.s,/ˈtʲe:ʃ/,*thēsis,thes,téis,/ˈte:.sis/
'to.ma:s,/ˈto.ɱa:s/,Thomās,thomas,Tomás,/'to.ma:s/
ˈtu:s,/ˈtu:s/,thūs,thus,tús,/ˈtu:s/
'ti:.m,/ˈtʲi:ɱ/,*thȳmum,thym,tím,/'ti:.mum/
ti:.ˈbur.t,/ˈtʲi.vur.tə.ðʲe/,Tīburtus,Tiburt,tiburt\ide,/ti:.ˈbur.tus/
ti.'mo.te.,/ˈtʲiəɱ.θe/,Timotheus,Timothe,Tíamthe,/ti.'mo.te.us/
'ti.t,/ˈtʲid/,Titus,tit,Tit,/'ti.tus/
'ti.tu.l,/ˈtʲi.dul/,titulus,titul,titul,/'ti.tu.lus/
'to.n,/ˈto:nʲ/,*tōnus,ton,tóin,/'to.nus/
to:.t,/ˈtod/,tōtus,tot,tot,/to:.tus/
'trak.t,/ˈtra:x.təðʲ/,tractō,tract,trácht\aid,/'trak.to:/
ˈtra:ns.tr,/ˈtrost/,trānstrum,transtr,trost,/tra:ns.trum/
'tri.b,/ˈtʲrʲiwv/,tribus,trib,triub,/'tri.bus/
tri.'bla:.ti.o:,/ˈtʲrʲe.vlədʲ/,*triblātiō,triblatio,treblait,/tri.'bla:.ti.o:/
tri.'bu:.n,/ˈtʲrʲe.vəN/,tribūnus,tribun,trebann,/tri.'bu:.nus/
tri.'da:.n,/ˈtʲrʲe.ðən/,*tridāna,tridan,tredan,/tri.'da:.na/
tri:.n.'da:t,/ˈtʲrʲi:n.do:dʲ/,trīndātem,trindatem,tríndóit,/tri:.n.'da:tem/
'tro:.j,/ˈtroʲ/,Trōia,Troia,Troí,/'tro:.ja/
tro:.ˈja:.n,/ˈtroj.an.de/,trōiānus,troian,troían\dae,/tro:.ˈja:.nus/
'tro.p,/ˈtrob/,tropus,trop,trop,/'tro.pus/
'tu.b,/ˈtov/,tuba,tub,tob,/'tu.ba/
ˈtu.ni.k,/ˈtu.nʲəx/,tunica,tunic,tuinech,/ˈtu.ni.ka/
'tim.pa.n,/ˈtʲim.pa:n/,tympanum,tympan,timpán,/'tim.pa.num/
tir.'re:.n,/ˈte.Rʲe:nʲ,Tyrrhēnus,Tyrrhen,Terriéin,/tir.'re:.nus/
'wa.gi:.n,/ˈfa.ɣʲən/,*uagīna,uagin,faigen,/'wa.gi:.na/
wa.'len.ti.,/ˈfa:lʲ.tʲe/,ualentia,ualent,fáilte,/wa.'len.ti.a/
'we.gli.,/ˈfʲe:lʲ/,*ueglia,uegli,féil,/'we.gli.a/
'we:.l,/ˈfʲiəl/,uēlum,uel,fíal 2,/'we:.lum/
we:.ro:.ˈne:n.s,/ˈfʲe.rə.nʲən.ste/,uērōnēnsis,ueronens,ueronens\tae,/we:.ro:.ˈne:n.sis/
'wer.su,/ˈfʲers/,uersus,uersu,fers,/'wer.sus/
wes.pa.si.ˈa:.n,/ˈfʲe.spə.ʃiən/,Uespasiānus,uespasian,Uespisían,/wes.pa.si.ˈa:.nus/
'wes.per,/ˈfʲe.skər/,uesper,uesper,fescor,/'wes.per/
ˈwe.te.rˈle.g,/ˈfʲe.dər.ləgʲ/,(in) uetere lege,ueter leg,fetarlaic,/ˈwe.te.reˈle.ge/
'wi:.k,/ˈfʲi:x/,uīcus,uic,fích,/'wi:.kus/
wi.'gi.l,/ˈfʲi.ɣʲəL/,uigilia,uigili,figell,/wi.'gi.li.a/
'wi:.n,/ˈfʲi:n/,uīnum,uin,fín 1,/'wi:.num/
'wir.tu,/ˈfʲiwrt/,uirtūs,uirtu,fiurt,/'wir.tus/
'wi:.si.o:,/ˈfʲi:ʃ/,uīsiō,uisio,fís,/'wi:.si.o:/
'wi:.si.o:,/ˈfʲi:.ʃiw/,uīsiō,uisio,físíu,/'wi:.si.o:/
'wi:.tu.l,/ˈfʲi:.θəl/,*uītulus,uitul,fíthal,/'wi:.tu.lus/
ˈul.ti.m,/ˈulʲtʲ/,ultima,ultim,uilt,/ˈul.ti.ma/
u.ˈna:.ri.,/ˈu.na:rʲ/,*unārius,unari,unáir,/u.ˈna:.ri.us/
ˈuŋ.ki,/ˈuŋ.ge/,uncia,unci,ungae,/ˈuŋ.ki.a/
'uŋ.g,/ˈoŋ.gəðʲ/,ungō,ung,ong\aid,/'uŋ.go:/
wul.ˈka:.n,/ˈul.ka:n/,Uulcānus,uulcan,ulcán,/wul.ˈka:.nus/
wes.per.'ti:.n,/ˈe.spər.tə/,(hōra) vespertīna,uespertin,esparta,/wes.per.'ti:.na/
zo.'ro.ba.bel,/ˈsor.və.vʲəl/,Zorobabel,Zorobabel,Sorbabel,/zo.'ro.ba.bel/
le:.wi,/lʲew.i/,Lēvi,levi,Leui,/le:.wi/
ˈski.pu.l,/ˈeʃ.bʲə.kul/,scyphulus,scyphul,esbicul,/ˈski.pu.lus/
ˈke:.p,/'kʲe:b/,cēpa,cēp,cép,/ˈke:.pa/
