Aaron,/'a.a.ro:n/,'a.a.ro:n
abba,/'ab.ba:s/,'ab.ba:
abecedari,/a.be.ke.'da:.ri.um/,a.be.ke.'da:.ri
Abel,/'a.bel/,'a.bel
Abimelech,/a.'bi.me.lek/,a.'bi.me.lek
abr,/'a:.bram/,'a:.br
abrahae,/'a:.bra.he:/,'a:.bra.he:
abraham,/'a:.bra.ham/,'a:.bra.ham
Absalon,/'ap.sa.lon/,'ap.sa.lon
abstinenti,/ab.sti.'nen.ti.a,ab.sti.'nen.ti
abyss,/a.'bis.sus/,a.'bis.s
accasio,/ok.'ka:.si.o:/,ok.'ka:.si.o:
accent,/ak.'ken.tus/,ak.'ken.t
accident,/ak.ki.'den.ti.a/,ak.ki.'den.t
acet,/a.'ke:.tum/,a.'ke:.t
Achitophel,/a.'ki.to.fel/,a.'ki.to.fel
Acrisione,/a.kri.si.'o:.ne:/,a.kri.si.'o:.ne:
actual,/a:k.tu.'a:.lis/,a:k.tu.'a:.l
acut,/a.'ku:.tus/,a.'ku:.t
adam,/'a:.da:.m/,'a:.da:.m
adiect,/ad.'jek.tus/,ad.'jek.t
ador,/a.'do:.ro:/,a.'do:.r
adulter,/a.'dul.ter/,a.'dul.ter
aegypt,/e:.'gip.tus/,e:.'gip.t
aegyptiac,/e:.gip.'ti.a.kus/,e:.gip.'ti.a.k
aemilian,/e:.mi.li.'a:.nus/,e:.mi.li.'a:.n
aenea,/aj.'ne:.a:s/,aj.'ne:a
aeneas,/aj.'ne:.a:s/,aj.'ne:.a:s
Aeol,/'e:.o.lus/,'e:.o.l
aequinoct,/e:.kwi.'nok.ti.um/,e:.kwi.'nok.t
aer,/'a:.e:r/,'a:.e:r
aethiopi,/e:.ti.'o.pi.a/,e:.ti.'o.pi
afric,/'a:.fri.kus/,'a:.fri.k
alexander,/a.lek.'san.der/,a.le.'san.der
alleluia,/al.le.'lu:.ja/,al.le.'lu:.ja
almosina,/al.'mo:.si.na/,al.'mo:.si.na
alp,/'al.pe:s/,'al.p
alpha,/'al.fa/,'al.fa
alpin,/al.'pi:.nus/,al.'pi:.n
amen,/'a:.me:n/,'a:.me:n
anagoge,/a.'na.go.ge:/,a.'na.go.ge:
analogi,/a.na.'lo.gi.a/,a.na.'lo.gi
ancor,/'aŋ.ko.ra/,'aŋ.ko.r
andrea,/an.'dre:.a:s/,an.'dre:a
angel,/'aŋ.ge.lus/,'aŋ.ge.l
anim,/'a.ni.ma/,'a.ni.m
antepaenultim,/an.te.paj.'nul.ti.ma/,an.te.paj.'nul.ti.m
antichrist,/an.ti.'kris.tus/,an.ti.'kris.t
antoni,/an.'to:.ni.us/,an.'to:.ni
apollo,/a.'pol.lo:/,a.'pol.lo:
apostol,/a.'pos.to.lus/,a.'pos.to.l
apostol,/a.'pos.to.lus/,a.'pos.to.l
apostroph,/a.'pos.tro.fus/,a.'pos.tro.f
april,/a.'pri:.lis/,a.'pri:.l
aquil,/'a.kwi.la/,'a.kwi.l
arab,/'a:.rabem/,'a:.rab
Aran,/'a.ran/,'a.ran
arc,/'ar.ka/,'ar.k
archangel,/ar.'kaŋ.ge.lus,ar.'kaŋ.ge.l
argument,/ar.gu:.'men.tum/,ar.gu:.'men.t
Aristoteles,/a.ris.'to.te.le:s/,a.ris.'to.te.le:s
arm,/'ar.ma/,'ar.m
articul,/ar.'ti.ku.lus/,ar.'ti.ku.l
Asaph,/'a.sap/,'a.sap
assyr,/as.'si.ri.a/,as.'si.r
asterisc,/as.te.'ri:s.kus/,as.te.'ri:s.k
astiari,/as.ti.'a:.ri.us/,as.ti.'a:.ri.
atom,/'a.to.mus/,'a.to.m
attat,/'at.tat/,'at.tat
attic,/'at.ti.kus/,'at.ti.k
auctor,/'awk.tor/,'awk.tor
auctoritas,/awk.'to:.ri.ta:s/,awk.'to:.ri.ta:s
aur,/'aw.rum/,'aw.r
axill,/ak.'sil.la/,a.'sil.l
baal,/'ba.al/,'ba.al
babylon,/'ba.bi.lo:n/,'ba.bi.lo:n
bacul,/'ba.ku.lum/,'ba.ku.l
Balaam,/'ba.la.am/,'ba.la.am
balb,/'bal.bus/,'bal.b
baptist,/'bap.tis.ta/,'bap.tis.t
Barabba,/ba.'rab.ba:s/,ba.'rab.ba:
barbar,/'bar.ba.rus/,'bar.ba.r
barc,/'ba:r.ka/,'ba:r.k
Barnaba,/'bar.na.ba:s/,'bar.na.ba:
Barnabas,/'bar.na.ba:s/,'bar.na.ba:s
basilic,/ba.'si.li.ka/,ba.'si.li.k
batisma,/ba.'tis.ma/,ba.'tis.ma
beor,/'be.or/,'beor
beat,/'be:.a.ti:/,'be:.a.t
Beelzebub,/be.'el.ze.bub/,be.'el.ze.bub
bendictio,/ben.'dik.ti.o:/,ben.'dik.ti.o:
benedic,/be.ne.'di:.ko:/,be.ne.'di:.k
Beniamin,/'ben.ja.min/,'ben.ja.min
beroeens,/be.re:.'e:n.sis/,be.re:.'e:n.s
besti,/'be:s.ti.a/,'be:s.ti
Bethel,/'be.tel/,'be.tel
Bethlehem,/be:t.le.'he:.mum/,be:t.le.'he:.m
Bethlehem,/be:t.le.'he:.mum/,be:t.le.'he:.m
Bethsabee,/bet.'sa.be.e/,bet.'sa.be.e
binari,/bi.'na:.ri.us/,bi.'na:.ri
bissext,/bis.'sek.stus/,bis.'sek.st
brassic,/'bras.si.ka/,'bras.si.k
britton,/brit.'to:.ne:s/,brit.'to:.n
bronchi,/'broŋ.ki.a/,'broŋ.ki
Burdigali,/bur.di.'ga.li.a/,bur.di.'ga.li
burg,/'bur.gus/,'bur.g
caduc,/ka.'du:.kus/,ka.'du:.k
caes,/'ke:.sus/,'ke:.s
Caiaphas,/ka.'ja:.fa:s/,ka.'ja:.fa:s
caligo,/ka.'li:.go:/,ka.'li:.go:
calic,/'ka.li.kem/,'ka.li.k
camell,/ka.mel.lus/,ka.mel.l
camisi,/ka.'mi.si.a/,ka.'mi.si
can,/ka.na/,ka.n
cancell,/kaŋ.'kel.la/,kaŋ.'kel.l
candel,/kan.'de:.la/,kan.'de:.l
candid,/'kan.di.dus/,'kan.di.d
cannab,/'kan.na.bis/,'kan.na.b
cannul,/'kan.nu.la/,'kan.nu.l
canon,/'ka.no:n/,'ka.no:n
capillatio,/ka.pil.'la:.ti.o:/,ka.pil.'la:.ti.o:
capitul,/ka.'pi.tu.lum/,ka.'pi.tu.l
captor,/'kap.tor/,'kap.tor
carbuncul,/kar.'buŋ.ku.lus/,kar.'buŋ.ku.l
carbuncul,/kar.'buŋ.ku.lus/,kar.'buŋ.ku.l
carcer,/'kar.ker/,'kar.ker
cart,/'kar.ta:s/,'kar.t
case,/'ka:.se.us/,'ka:.se
castill,/kas.'til.lum/,kas.'til.l
casul,/'ka.su.la/,'ka.su.l
catechumen,/ka.te:.'ku:.me.nus/,ka.te:.'ku:.me.n
cathedr,/'ka.te.dra/,'ka.te.dr
catholic,/ka.'to.li.kus/,ka.'to.li.k
catul,/'ka.tu.lus/,'ka.tu.l
caus,/'kaw.sa/,'kaw.s
cedr,/'ke.drus/,'ke.dr
celebr,/'ke.le.bro:/,'ke.le.br
centr,/'ken.trum/,'ken.tr
cer,/'ke:.ra/,'ke:.r
cert,/'ker.tus/,'ker.t
cervical,/ker.'wi:.kal/,ker.'wi:.kal
chaldae,/kal.'de:.us/,kal.'de:
chaldae,/kal.'de:.a/,kal.'de:
chanaan,/'ka.na.a:n/,'ka.na.a:n
chanaan,/'ka.na.a:n/,'ka.na.a:n
character,/ka:.'rak.ter/,ka:.'rak.ter
chart,/'kar.ta/,'kar.t
cherubin,/'ke.ru.bi:n/,'ke.ru.bi:n
cherubin,/'ke.ru.bi:n/,'ke.ru.bi:n
christ,/'kris.tus/,'kris.t
christian,/kris.ti.'a:.nus/,kris.ti.'a:.n
cingla,/'kiŋ.gla/,'kiŋ.gla
cipp,/'kip.pus/,'kip.p
circul,/'kir.ku.lus/,'kir.ku.l
circumflex,/kir.kum.'flek.sus/,kir.kum.'flek.s
cist,/'kis.ta/,'kis.t
class,/'klas.sis/,'klas.s
clausul,/'klaw.su.la/,'klaw.su.l
cler,/'kle:.rus/,'kle:.r
cleric,/'kle:.ri.kus/,'kle:.ri.k
cocin,/ko.'ki:.na/,ko.'ki:.n
coctur,/kok.'tu:.ra/,kok.'tu:.r
cohort,/'ko.hor.tem/,'ko.hor.t
Colchidem,/'kol.ki.dem/,'kol.ki.d
Colchi,/'kol.kis/,'kol.ki
columb,/ko.'lum.ba/,ko.'lum.b
column,/ko.'lum.na/,ko.'lum.n
communio,/kom.'mu:.ni.o:/,kom.'mu:.ni.o:
comparatiu,/kom.pa.ra:.'ti:.wus/,kom.pa.ra:.'ti:.w
confessio,/ko:n.'fes.si.o:/,ko:n.'fes.si.o:
confiteor,/ko:n.'fi.te.or/,ko:n.'fi.teor
consecr,/ko:n.se.kro:/,ko:n.se.kr
conson,/'ko:n.so.nus/,'ko:n.so.n
constantinopol,/ko:ns.tan.ti:.'no.po.lis/,ko:ns.tan.ti:.'no.po.l
consul,/'ko:n.sul/,'ko:n.sul
consummatio,/ko:n.sum.'ma:.ti.o:/,ko:n.sum.'ma:.ti.o:
contentio,/kon.'ten.ti.o:/,kon.'ten.ti.o:
contract,/kon.'trak.tus/,kon.'trak.t
corinth,/ko.'rin.tus/,ko.'rin.t
Corneli,/kor.'ne:.li.us/,kor.'ne:.li
corpus,/'kor.pus/,'kor.pus
crepuscul,/kre.'pus.ku.lum/,kre.'pus.ku.l
creterr,/kre.'ter.ra/,kre.'ter.r
croc,/'kro:.kus/,'kro:.k
crotal,/'kro.ta.lum/,'kro.ta.l
crotali,/kro.'ta.li.a/,kro.'ta.li
cruk,/'kru.kem/,'kru.k
crux,/'kruks/,'kruks
cub,/'ku.bō/,'ku.b
cub,/'ku.bus/,'ku.b
cucull,/ku.'kul.lus/,ku.'kul.l
culcit,/'kul.ki.ta/,'kul.ki.t
culin,/ku.'li:.na/,ku.'li:.n
cultr,/'kul.trum/,'kul.tr
cumer,/'ku.me.ra/,'ku.me.r
curt,/'kur.tis,'kur.t
curtin,/kur.'ti:.na/,kur.'ti:.n
cycl,/'ki.klus/,'ki.kl
Cyclasia,/ki.kla.si.as/,ki.kla.si.a
cyr,/'ki:.rus/,'ki:.r
cyr,/'ki:.rus/,'ki:.r
dactyl,/'dak.ti.lus/,'dak.ti.l
daemon,/'de:.mon/,'de:.mon
damn,/'dam.no:/,'dam.n
damnatio,/dam.'na:.ti.o:/,dam.'na:.ti.o:
daniel,/'da.ni.e:l/,'da.ni.e:l
Dardan,/dar.'da:.nus/,dar.'da:.n
decad,/de.'ka:.dem/,de.'ka:.d
denari,/de:.'na:.ri.us/,de:.'na:.ri
deprecatio,/de:.pre.'ka:.ti.o:/,de:.pre.'ka:.ti.o:
derbens,/der.'be:n.sis/,der.'be:n.s
deuteronomi,/dew.te.ro.'no.mi.um/,dew.te.ro.'no.mi
diabol,/di.'a.bo.lus/,di.'a.bo.l
diacon,/di.'a:.ko.nus/,di.'a:.ko.n
dialectic,/di.a.'lek.ti.ka/,di.a.'lek.ti.k
diameter,/di.'a.me.ter/,di.'a.me.ter
dict,/dik.to:/,dik.t
dictator,/dik.'ta:.to:r/,dik.'ta:.to:r
digamm,/di.'gam.ma/,di.'gam.m
discipul,/dis.'ki.pu.lus/,dis.'ki.pu.l
Doeg,/'do.eg/,'do.eg
domnic,/dom.'ni.kus/,dom.'ni.k
draco,/'dra.ko:/,'dra.ko:
dupl,/'du.plus/,'du.pl
duumuir,/'du.um.wir/,'du.um.wir
elephant,/e.le.'fan.tem/,'e.le.fan.t
embolism,/em.bo.'lis.mus/,em.bo.'lis.m
epact,/e.'pak.te:/,e.'pak.t
Ephratae,/e.'fra.te:.us/,e.'fra.te:
epistul,/e.'pis.tu.la/,e.'pis.tu.l
epscop,/'eps.ko.pus/,'eps.ko.p
Esau,/'e.saw/,'e.saw
escop,/es.'ko.pus/,es.'ko.p
except,/ek.'skep.tus/,e.'skep.t
excommunicatio,/eks.kom.mu:.ni.'ka:.ti.o:/,es.kom.mu:.ni.'ka:.ti.o:
exhibern,/eks.hi.'ber.num,es.hi.'ber.n
fab,/'fa.ba/,'fa.b
fatal,/fa.'ta:.le/,fa.'ta:.l
febrari,/fe.'bra:.ri.us/,fe.'bra:.ri
feminin,/fe:.mi.'ni:.num/,fe:.mi.'ni:.n
fenestr,/fe.'nes.tra/,fe.'nes.tr
fercul,/'fer.ku.lum/,'fer.ku.l
feri,/'fe:.ri.a/,'fe:.ri
ferial,/fe:.ri.'a:.lis/,fe:.ri.'a:.l
fibul,/'fi:.bu.la/,'fi:.bu.l
ficul,/'fi:.ku.la/,'fi:.ku.l
figur,/'fi:.gu:.ra/,'fi:.gu:.r
firmament,/fir.ma:.'men.tum/,fir.ma:.'men.t
flect,/fle:k.to:/,fle:k.t
flocc,/'flo:.kus/,'flo:.ku
fragill,/fra.'gil.lum/,fra.'gil.l
fren,/'fre:.num/,'fre:.n
fust,/'fu:s.tis/,'fu:s.t
Galatae,/ˈga.la.te:/,/ˈga.la.t
Galilae,/ga.li:.ˈle:.a/,ga.li:.ˈle:
Gargan,/gar.'ga:.nus/,gar.'ga:.n
genealogi,/ge.ne.a:.'lo.gi.a/,ge.ne.a:.'lo.gi
genitio,/ge.'ni.ti.o:/,ge.'ni.ti.o:
gentil,/'gen.ti.lis/,'gen.ti.l
gerundi,/ge.'run.di.um/,ge.'run.di
glandi,/'glan.di.um/,'glan.di
Glyceri,/gli.'ke.ri.um/,gli.'ke.ri
grad,/gra:.dus/,gra:.d
grammatic,/gram.'ma.ti.ka/,gram.'ma.ti.k
grau,/gra.wis/,gra.w
grec,/'gre:.kus/,'gre:.k
gryph,/'gri:.fus/,'gri:.f
habacuc,/ˈha.ba.kuk/,ˈha.ba.kuk
haben,/ha.'be:.na/,ha.'be:.n
haeres,/he:'re.sis/,he:.'re.s
haeretic,/he:.'re.ti.kus/,he:.'re.ti.k
hebrae,/he.'bre:.us/,he.'bre:
Heriosolym,/he.ri.o.'so.li.ma/,he.ri.o.'so.li.m
herode,/he:.'ro:.de:s/,he:.'ro:.de:
Hesau,/'he.saw/,'he.saw
hieronym,/hi.e.'ro:.ni.mus/,hi.e.'ro:.ni.m
honor,/'ho.nor/,'ho.nor
hor,/'ho:.ra/,'ho:.r
horatian,/ho.ra.ti.'a:.n/,ho.ra.ti.'a:.n
Hosea,/'ho.se.a/,'ho.se.a
iaiuni,/ja:.'ju:.nium/,ja:.'ju:.ni
idol,/i:.'do:.lum/,i:.'do:.l
idone,/i.'do:.ne.us/,i.'do:.ne
Idumae,/i.du.'me:.a/,i.du.'me:
Iebus,/'je.bus/,'je.bus
ienari,/je.'na:.ri.us/,je.'na:.ri
iesu,/'je:.su:s/,'je:.su:
Iesua,/'je.su.a/,'je.su.a
ilic,/'i:.li.kem/,'i:.li.k
ilign,/'i:.liŋ.nus/,'i:.liŋ.n
imago,/i:.'ma:.go:/,i:.'ma:.go:
Inach,/'i.na.kus/,'i.na.k
infinit,/in.fi:.'ni:.tum/,in.fi:.'ni:.t
innocu,/in.'no.ku.us/,in.'no.ku
inscribend,/i:n.skri:.'ben.dum/,i:n.skri:.'ben.d
intellect,/in.tel.'lek.tus/,in.tel.'lek.t
intentio,/in.ten.ti.o:/,in.ten.ti.o:
interiectio,/in.ter.'jek.ti.o:/,in.ter.'jek.ti.o:
Ioab,/jo.ab/,jo.ab
ioanne,/jo:.'an.ne:s/,jo:.'an.ne:
Ionathan,/'jo.na.ta:n/,'jo.na.ta:n
Ioseph,/jo:.'se:.fus/,jo:.'se:.f
Ismael,/'is.majl/,'is.majl
iuda,/ju:da:s/,ju:da
iuda,/ju:da:s/,ju:da
iudae,/ju:.'de:.us/,ju:.'de:
iuli,/'ju:.li.us/,'ju:.li
kalend,/ka.'len.de:/,ka.'len.d
kalend,/ka.'len.de:/,ka.'len.d
labor,/la.'bo:.rem/,la.'bo:.r
laic,/'la:.i.kus/,'la:.i.k
lamin,/'la:.mi.na/,'la:.mi.n
lart,/'la:r.tem/,'la:r.t
later,/'la.ter/,'la.ter
latin,/la.'ti:.na/,la.'ti:.n
latin,/la.'ti:.nus/,la.'ti:.n
latron,/la.'tro:.nem/,la.'tro:n
laurenti,/law.'ren.ti.um/,law.'ren.ti
lax,/'lak.sus/,'lak.s
leg,/'le.go:/,'le.g
legend,/le.'gen.dum/,le.'gen.d
legio,/'le.gi.o:/,'le.gi.o:
legio,/'le.gi.o:/,'le.gi.o:
leo,/'le.o:/,'le.o:
leviathan,/le.wi.'a:.tan/,le.wi.'a:.tan
Levit,/le:.wi:.te:s/,le:.wi:.t
liber,/'li.ber/,'li.ber
Liban,/'li.ba.nus/,'li.ba.n
lic,/'li.ket/,'li.k
lin,/'li:.num/,'li:.n
line,/'li:.ne.a/,'li:.ne
liquid,/'li.kwi.dus/,'li.kwi.d
lit,/'li:.tus/,'li:.t
litani,/li.'ta.ni.a/,li.'ta.ni
litter,/'lit.te.ra/,'lit.te.r
loc,/'lo.kus/,'lo.k
long,/'loŋ.ga/,'loŋ.g
loric,/lo:.'ri:.ka/,lo:.'ri:.k
luca,/'lu.kas/,'lu.ka
lucern,/lu:.'ker.na/,lu:.'ker.n
lucifer,/'lu:.ki.fer/,'lu:.ki.fer
lunar,/lu.'na:.ris/,lu.'na:.r
Maccabae,/mak.ka.'baj.us/,mak.ka.'be
macedoni,/ma.ke.'do.ni.a/,ma.ke.'do.ni
maceri,/ma.'ke.ri.a/,ma.'ke.ri
macul,/'ma.ku.la/,'ma.ku.l
magister,/ma.'gis.ter/,ma.'gis.ter
maldic,/mal.'di:.ko:/,mal.'di:.k
maldictio,/mal.'dik.ti.o:/,mal.'dik.ti.o:
manachi,/ma.na.'ki:.um/,ma.na.'ki:
manach,/'ma.na.kus/,'ma.na.k
manasse,/ma.'nas.se:s/,ma.'nas.se
mania,/'ma.ni.a/,'ma.nia
mann,/'man.na/,'man.n
mari,/ma.'ri:.a/,ma.'ri
marc,/'ma:r.kus/,'ma:r.k
Marcell,/ma:r.'kel.lus/,ma:r.'kel.l
Mardoche,/mar.'do.ke.us/,mar.'do.ke
margarit,/mar.ga.'ri:.ta/,mar.ga.'ri:.t
marmor,/'mar.mor/,'mar.mor
mart,/'ma:r.tis/,'ma:r.t
mart,/'mar.tis/,'mar.t
martyr,/'mar.tir/,'mar.tir
mascul,/'mas.ku.lus/,'mas.ku.l
masculin,/mas.ku.'li:.nus/,mas.ku.'li:.n
mass,/'mas.sa/,'mas.s
matin,/ma'ti:.na/,ma'ti:.n
Med,/'me:.dus/,'me:.d
Melchisedech,/mel.'ki.se.dek/,mel.'ki.se.dek
memori,/me.'mo.ri.a/,me.'mo.ri
memori,/me.'mo.ri.a/,me.'mo.ri
mendic,/men.'di:.kus/,men.'di:.k
mercuri,/mer.'ku.ri.us/,mer.'ku.ri
mesur,/me.'su:.ra/,me.'su:.r
metr,/'me.trum/,'me.tr
metropol,/me:.'tro.po.lis/,me:.'tro.po.l
Michael,/'mi.ka.e:l/,'mi.ka.e:l
mile,/'mi:.les/,'mi:.le
mili,/'mi:.li.a/,'mi:.li
min,/'mi:.nus/,'mi:.niles
mirabil,/mi:.'ra:.bi.lis/,mi:.'ra:.bi.l
Moab,/'mo:.ab/,'mo:.ab
mod,/'mo.dus/,'mo.d
modi,/'mo.di.us/,'mo.di
molin,/mo.'li:.na/,mo.'li:.n
monasteri,/mo.nas.'te.ri.um/,mo.nas.'te.ri
monasteri,/mo.nas.'te.ri.um/,mo.nas.'te.ri
monet,/mo.'ne:.ta/,mo.'ne:.t
moral,/mo:.'ra:.lis/,mo:.'ra:.l
morticini,/mor.ti.'ki.ni.um/,mor.ti.'ki.ni
mul,/'mu:.lus/,'mu:.l
mur,/'mu:.rus/,'mu:.r
mut,/'mu:.tus/,'mu:.t
myrt,/'mir.tus/,'mir.t
Nabuchodonosor,/na.bu.ko.'do.no.sor/,na.bu.ko.'do.no.sor
natalici,/na.ta:.'li.ki.us/,na.ta:.'li.ki
Nathan,/'na.tan/,'na.tan
neutral,/new.'tra:.lis/,new.'tra:.l
Noe,/'no:.e:/,'no:.e:
not,/'no.ta/,'no.t
noth,/'no.tus/,'no.t
numer,/'nu.me.rus/,'nu.me.r
nun,/'nun/,'nun
obel,/'o.be.lus/,'o.be.l
oblat,/ob.'la:.ta/,ob.'la:.t
ocre,/'o.kre.e:/,'o.kre
octember,/ok.'tem.ber/,ok.'tem.ber
offerend,/of.fe.'ren.dum/,of.fe.'ren.d
ole,/o.'le.um/,o.'le
oper,/'o.pe.ra/,'o.pe.r
optatiu,/op.ta:.'ti:.wus/,op.ta:.'ti:.w
oracl,/o.'ra:.klum/,o.'ra:.kl
oracl,/o.'ra:.klum/,o.'ra:.kl
oratio,/o.'ra:.ti.o:/,o.'ra:.ti.o:
oratio,/o.'ra:.ti.o:/,o.'ra:.ti.o:
ordin,/'or.di.no:/,'or.di.n
ordo,/'o:r.do:/,'o:r.do:
ordo,/'o:r.do:/,'o:r.do:
organ,/'or.ga.num/,'or.ga.n
orient,/o.ri.'en.tem/,o.ri.'en.t
Palaestina,/pa.le:s.'ti:.na/,pa.le:s.'ti:.na
palli,/'pal.li.um/,'pal.li
pann,/'pan.na/,'pan.n
papilio,/pa:.'pi.li.o:/,pa:.'pi.li.o:
parabol,/pa.'ra.bo.la/,pa.'ra.bo.l
parabol,/pa.'ra.bo.la/,pa.'ra.bo.l
paradis,/pa.ra.'di:.sus/,pa.ra.'di:.s
paruchi,/pa.'ru.ki.a/,pa.'ru.ki
pasch,/'pa:s.ka/,'pa:s.k
passer,/'pas.ser/,'pas.ser
pater,/'pa.ter/,'pa.ter
patrici,/pa.'tri.ki.us/,pa.'tri.ki
patrici,/pa.'tri.ki.us/,pa.'tri.ki
paul,/'paw.lus/,'paw.l
pax,/pa:ks/,pak
peccat,/pek.'ka:.tum/,pek.'ka:.t
Pele,/pe.'le.us/,pe.'le
pelic,/pe.'li.ki.a/,pe.'li.k
pententi,/pen.'ten.ti.a/,pen.'ten.ti
penultim,/pe:.'nul.ti.ma/,pe:.'nul.ti.m
pers,/'per.sa/,'per.s
person,/per.'so:.na/,per.'so:.n
pes,/'pe:.sum/,'pe:.s
petr,/'pe.trus/,'pe.tr
Philemon,/fi.'le:.mo:n/,fi.'le:.mo:n
philipianens,/fi.li.pi.a.'ne:n.sis/,fi.li.pi.a.'ne:n.s
Philisthim,/fi.'lis.tim/,fi.'lis.tim
Phillip,/'fil.li.pus/,'fil.li.p
philosoph,/fi.'lo.so.fus/,fi.'lo.so.f
piber,/'pi.ber/,'pi.ber
pict,/'pik.tus/,'pik.t
pipio:n,/pi:.pi.'o:nem/,pi:.pi.'o:n
pis,/'pi.sum/,'pi.s
plag,/'pla:.ga/,'pla:.g
plant,/'plan.ta/,'plan.t
plate,/pla.'te:.a/,pla.'te:
plect,/'plek.ta/,'plek.t
plum,/'plu:.ma/,'plu:.m
pompei,/pom.'pej.jus/,pom.'pej
pond,/'pon.dus/,'pon.d
popul,/'po:.pu.lus/,'po:.pu.l
popul,/'po.pu.lus/,'po.pu.l
port,/'por.tus/,'por.t
positiu,/po.si.'ti:.wus/,po.si.'ti:.w
praecept,/pre'kep.tum/,pre.'kep.t
predic,/pre.'di:.ko:/,pre.'di:.k
premiter,/'pre.mi.ter/,'pre.mi.ter
prim,/'pri:.mus/,'pri:.m
primiti,/pri.'mi.ti.aj/,pri.'mi.ti
Priscian,/pris.ki.'a:.nus/,pris.ki.'a:.n
Priscill,/pris.'kil.la/,pris.'kil.l
prob,/'pro.bo:/,'pro.b
Promethe,/pro.'me:.te.us/,pro.'me:.te
prosper,/'pros.pe.rus/,'pros.pe.r
psall,/psal.'len.dum/,psal.'l
psalm,/'psal.mus/,'psal.m
psalteri,/psal.'te:.ri.um/,psal.'te:.ri
puglari,/pu.'gla:.ri.a/,pu.'gla:.ri
pugn,/'puŋ.nus/,'puŋ.n
pult,/'pul.ta/,'pul.t
punct,/'pu:ŋk.tum/,'pu:ŋk.t
punct,/'pu:ŋk.tum/,'pu:ŋk.t
purgatori,/pur.ga.'to:.ri.um/,pur.ga.'to:.ri
purpur,/'pur.pu.ra/,'pur.pu.r
pute,/'pu.te.us/,'pu.te
quare,/'kwa:.re:/,'kwa:.re:
quaestio,/'kwajs.ti.o:/,'kwajs.ti.o:
quaragesm,/kwa.ra:.'ge:s.ma/,kwa.ra:.'ge:s.m
quin,/'kwi:.na/ ,'kwi:.n
quinquagesm,/kwiŋ.kwa:.'ge:s.ma/,kwiŋ.kwa:.'ge:s.m
Quiric,/'kwi.ri.kus/,'kwi.ri.k
Rabsacen,/'rab.sa.ke:n/,'rab.sa.ke:n
reat,/'re:.a.tus/,'re:.a.t
regul,/'re:.gu.la/,'re:.gu.l
reliqui,/re.'li.kwi.aj/,re.'li.kwi
rhetoric,/re.'to.ri.ke:/,re.'to.ri.k
rom,/'ro:.ma/,'ro:.m
roman,/ro:.'ma:.nus/,ro:.'ma:.n
romul,/'ro:.mu.lus/,'ro:.mu.l
ros,/'ro:.sa/,'ro:.s
rubr,/'rub.rum/,'rub.r
rusc,/'rus.kum/,'rus.k
sabbat,/'sab.ba.tum/,'sab.ba.t
sabin,/sa.'bi:.ni:/,sa.'bi:.n
Sacellus,/sa.'kel.lus/,sa.'kel.lus
sacerdos,/sa.'ker.do:s/,sa.'ker.do:s
sacerdotal,/sa.'ker.do.tal/,sa.'ker.do.tal
sacrficium,/sa.kər.'fi.ki.um/,sa.kər.'fi.ki.u
sagell,/sa.'gel.lum/,sa.'gel.l
sagitt,/sa.'git.ta/,sa.'git.t
saliu,/sa.'li:.wa/,sa.'li:.w
salt,/'sal.tus/,'sal.t
Samson,/'sam.so:n/,'sam.so:n
sapphir,/'sap.fir/,'sap.fir
Sara,/'sa.ra/,'sa.ra
Saturn,/sa.'tur.nus/,sa.'tur.n
scipio,/'ski:.pi.o:/,'ski:.pi.o:
scop,/'sko:.pa/,'sko:.p
scopari,/sko:.'pa:.ri.um/,sko:.'pa:.ri
scrib,/'skri:.bo:/,'skri:.b
scribend,/skri:.'ben.dum/,skri:.'ben.d
scripl,/'skri.plus/,'skri.pl
script,/skrip.'tu:.ra/,skrip.'t
scriptur,/skri:p.'tu:.ra/,skri:p.'tu:.r
scrupul,/'skru:.pu.lus/,'skru:.pu.l
scrut,/'skru:.tor/,'skru:.t
scrutini,/skru:.'ti.nium/,skru:.'ti.ni
secal,/se.'ka:.le/,se.'ka:.l
secundi,/se.'kun.di.us/,se.'kun.di
Secundin,/se.kun.'di:.nus/,se.kun.'di:.n
sekret,/se:.kre:.tus/,se:.kre:.t
Semei,/'se.me.i:/,'se.me.i:
senator,/'se.na.tor/,'se.na.tor
sens,/'se:n.sus/,'se:n.s
septem,/sep.tem/,sep.tem
septiman,/sep.ti.'ma:.na/,sep.ti.'ma:.n
seraphin,/'se.ra.fi:n/,'se.ra.fi:n
Sergi,/'ser.gi.us/,'ser.gi
sest,/'ses.ta/,'ses.t
sestari,/ses.'ta:.ri.us/,ses.'ta:.ri
Seth,/'se:t/,'se:t
sicili,/si.'ki.li.a/,si.'ki.li
sigill,/si.'gil.la/,si.'gil.l
Sion,/'si.on/,'si.on
socrat,/'so:.kra.te:s/,'so:.kra.t
Sodom,/'so.do.ma/,'so.do.m
Solomon,/'so.lo.mo:n/,'so.lo.mo:n
son,/'so.nus/,'so.n
Sosthenes,/so:s.te.ne:s/,so:s.te.ne:s
specul,/'spe:.ku.la/,'spe:.ku.l
spiracul,/spi.'ra.ku.lum/,spi.'ra.ku.l
spirtal,/spir.t'a:.lis/,spir.t'a:.l
spirtu,/'spir.tus/,'spir.tu
stagn,/'staŋ.num/,'staŋ.n
Stephan,/'ste.pa.nus/,'ste.pa.n
strat,/stra:.ta/,stra:.t
stratur,/stra.'tu:.ra/,stra.'tu:.r
stupp,/'stup.pa/,'stup.p
suavis,/'su:.a.wis/,'su:.a.wis
suc,/'su:.kus/,'su:.k
superlatiu,/su.per.la:.'ti:.wus/,su.per.la:.'ti:.w
syllab,/'sil.la.ba/,'sil.la.b
Symmach,/'sim.ma.kus/,'sim.ma.k
synod,/'si.no.dus/,'si.no.d
syr,/'si.rus/,'si.r
tabellari,/ta.bel.'la:.ri.us/,ta.bel.'la:.ri
tabul,/'ta:.bu.la/,'ta:.bu.l
tarsens,/tar.'se:n.sis/,tar.'se:n.s
Telamon,/'te.la.mo:n/,'te.la.mo:n
test,/'tes.tis/,'tes.t
testimoni,/tes.ti.'mo:.ni.um/,tes.ti.'mo:.ni
Thabor,/'ta.bor/,'ta.bor
thec,/'te:.ka/,'te:.k
theori,/te.'o.ri.a/,te.'o.ri
thomas,/'to.ma:s/,'to.ma:s
Timothe,/ti.'mo.te.us/,ti.'mo.te
tit,/'ti.tus/,'ti.t
titul,/'ti.tu.lus/,'ti.tu.l
ton,/'to.nus/,'to.n
tot,/to:.tus/,to:.t
tract,/'trak.to:/,'trak.t
trib,/'tri.bus/,'tri.b
triblatio,/tri.'bla:.ti.o:/,tri.'bla:.ti.o:
tribun,/tri.'bu:.nus/,tri.'bu:.n
tridan,/tri.'da:.na/,tri.'da:.n
trinitat,/tri:.ni.'ta:tem/,tri:.ni.'ta:t
Troi,/'tro:.ja/,'tro:.j
trop,/'tro.pus/,'tro.p
tub,/'tu.ba/,'tu.b
tympan,/'tim.pa.num/,'tim.pa.n
tym,/'ti:.mum/,'ti:.m
Tyrrhen,/tir.'re:.nus/,tir.'re:.n
uagin,/'wa.gi:.na/,'wa.gi:.n
ualent,/wa.'len.ti.a/,wa.'len.t
ueglia,/'we.gli.a/,'we.gli.a
uel,/'we:.lum/,'we:.l
uers,/'wer.sus/,'wer.s
uesper,/'wes.per/,'wes.per
uic,/'wi:.kus/,'wi:.k
uigil,/wi.'gi.li.a/,wi.'gi.l
uin,/'wi:.num/,'wi:.n
uirtu,/'wir.tus/,'wir.tu
uisio,/'wi:.si.o:/,'wi:.si.o:
uisio,/'wi:.si.o:/,'wi:.si.o:
uitul,/'wi:.tu.lus/,'wi:.tu.l
ung,/'uŋ.go:/,'uŋ.g
vespertin,/wes.per.'ti:.na/,wes.per.'ti:.n
Zorobabel,/zo.'ro.ba.bel/,zo.'ro.ba.bel
